,ret,bin,start,data
2013-12-19,0.007934255112285626,1.0,2013-11-29,"[33.23097276 32.64636887 33.04050617 32.354427   34.80502353 34.40501558
 33.35177601 31.51602101 31.95744167 32.48601711 33.79994151 32.78028076
 36.04469477 34.35275332]"
2014-01-24,-0.008608603100277223,-1.0,2014-01-06,"[33.21057413 34.64617937 34.22390303 34.23921604 34.64852341 31.91984193
 35.04768284 35.3221841  34.45838683 33.62093524 34.48377224 34.39365283
 32.77821021 29.59591507]"
2014-01-29,-0.017930690117935577,1.0,2014-01-09,"[34.23921604 34.64852341 31.91984193 35.04768284 35.3221841  34.45838683
 33.62093524 34.48377224 34.39365283 32.77821021 29.59591507 30.83717039
 32.88490625 31.03818803]"
2014-02-03,0.03353044190768162,1.0,2014-01-14,"[35.04768284 35.3221841  34.45838683 33.62093524 34.48377224 34.39365283
 32.77821021 29.59591507 30.83717039 32.88490625 31.03818803 33.89597817
 32.2262186  28.69323133]"
2014-02-06,0.025354970145480493,1.0,2014-01-17,"[33.62093524 34.48377224 34.39365283 32.77821021 29.59591507 30.83717039
 32.88490625 31.03818803 33.89597817 32.2262186  28.69323133 32.06953213
 31.83997372 34.41996985]"
2014-02-13,0.006720999036145425,1.0,2014-01-24,"[29.59591507 30.83717039 32.88490625 31.03818803 33.89597817 32.2262186
 28.69323133 32.06953213 31.83997372 34.41996985 35.5864529  34.60564273
 36.0598102  34.93468255 35.46249652]"
2014-02-21,0.005220550357390774,1.0,2014-02-03,"[28.69323133 32.06953213 31.83997372 34.41996985 35.5864529  34.60564273
 36.0598102  34.93468255 35.46249652 35.77903702 35.19216391 33.54971961
 35.01019447 34.2718687 ]"
2014-03-06,-0.0050483422007566725,-1.0,2014-02-14,"[35.77903702 35.19216391 33.54971961 35.01019447 34.2718687  35.25179666
 34.61364697 34.50138293 35.38804794 35.32566637 33.63412104 36.75291214
 35.69508491 35.7419307 ]"
2014-04-08,-0.011669389140916642,1.0,2014-03-19,"[34.2536601  35.66516138 33.61654683 33.50417122 34.89857766 33.2720039
 33.50375697 34.75184763 35.94882085 36.40514291 36.22290747 35.42331416
 33.1042642  32.05671087 34.05647078]"
2014-05-07,0.010165999303651141,1.0,2014-04-17,"[35.5013391  35.75164804 36.09803035 35.05268405 35.45848149 33.63724232
 34.85775368 35.53890508 35.63122639 35.25935291 34.85511178 35.28444211
 33.46381965 35.32827382]"
2014-05-22,0.010179904218152958,1.0,2014-05-02,"[34.85511178 35.28444211 33.46381965 35.32827382 34.75433302 35.06541192
 36.75425243 35.97924351 34.75686174 33.40786706 34.91453328 35.48757348
 33.9541539  36.0572771  35.8415965 ]"
2014-06-04,0.012371240619377444,1.0,2014-05-15,"[33.40786706 34.91453328 35.48757348 33.9541539  36.0572771  35.8415965
 36.2301131  36.91482025 36.04381962 36.87177406 36.55953359 36.41621139
 36.04837175 36.34714741]"
2014-06-23,-0.0008168470283631546,-1.0,2014-06-03,"[36.04837175 36.34714741 37.34076235 37.53954603 37.05731375 36.74887794
 35.89950655 34.76107462 36.05838254 36.08872553 36.54741738 37.69347691
 37.13652656 36.28846388 36.37494142]"
2014-07-29,-0.015536928391016946,-1.0,2014-07-09,"[36.9703226  35.88014174 36.48190515 37.40870969 36.54065822 37.34373642
 34.72475571 37.76154619 36.62390847 37.51709893 37.51289196 37.17699416
 36.1214423  36.60393375 35.78570215]"
2014-08-04,-0.0004641600931669654,-1.0,2014-07-15,"[36.54065822 37.34373642 34.72475571 37.76154619 36.62390847 37.51709893
 37.51289196 37.17699416 36.1214423  36.60393375 35.78570215 36.26309558
 32.45554447 33.8677112  36.07186697]"
2014-08-18,0.014389926963974675,1.0,2014-07-29,"[35.78570215 36.26309558 32.45554447 33.8677112  36.07186697 33.84422177
 34.88670261 34.11640812 37.00780023 36.70813639 36.02754697 37.36972681
 37.59288857 36.89352537 38.34304305]"
2014-09-23,-0.0023736276545031076,1.0,2014-09-03,"[37.20010489 36.92726232 37.96270027 37.01496665 35.90734881 37.31060917
 37.32723243 36.02637431 36.43831468 38.15178259 37.75997531 38.55834176
 36.81917796 35.6483866  35.31568748]"
2014-09-29,-0.006327832561986546,-1.0,2014-09-09,"[35.90734881 37.31060917 37.32723243 36.02637431 36.43831468 38.15178259
 37.75997531 38.55834176 36.81917796 35.6483866  35.31568748 37.63472472
 33.8786102  36.97298542 36.21135226]"
2014-10-09,-0.026149257389507685,-1.0,2014-09-19,"[36.81917796 35.6483866  35.31568748 37.63472472 33.8786102  36.97298542
 36.21135226 35.88111887 33.55335798 35.05205818 37.58760815 36.49291587
 33.43455576 38.32756753 33.09711104]"
2014-10-13,0.015420729621242524,-1.0,2014-09-23,"[35.31568748 37.63472472 33.8786102  36.97298542 36.21135226 35.88111887
 33.55335798 35.05205818 37.58760815 36.49291587 33.43455576 38.32756753
 33.09711104 32.61758217 30.98475557]"
2014-10-15,0.020758516039852015,1.0,2014-09-25,"[33.8786102  36.97298542 36.21135226 35.88111887 33.55335798 35.05205818
 37.58760815 36.49291587 33.43455576 38.32756753 33.09711104 32.61758217
 30.98475557 33.30828594 32.51945696]"
2014-10-17,0.02239083661913921,1.0,2014-09-29,"[36.21135226 35.88111887 33.55335798 35.05205818 37.58760815 36.49291587
 33.43455576 38.32756753 33.09711104 32.61758217 30.98475557 33.30828594
 32.51945696 33.30559415 35.97632904]"
2014-10-22,0.018008209891450466,1.0,2014-10-02,"[35.05205818 37.58760815 36.49291587 33.43455576 38.32756753 33.09711104
 32.61758217 30.98475557 33.30828594 32.51945696 33.30559415 35.97632904
 36.97672957 39.72223385 36.24779202]"
2014-10-27,0.028599102190067116,1.0,2014-10-07,"[33.43455576 38.32756753 33.09711104 32.61758217 30.98475557 33.30828594
 32.51945696 33.30559415 35.97632904 36.97672957 39.72223385 36.24779202
 38.59694962 38.83628552 37.39616699]"
2014-11-03,0.010953025505218372,1.0,2014-10-14,"[33.30828594 32.51945696 33.30559415 35.97632904 36.97672957 39.72223385
 36.24779202 38.59694962 38.83628552 37.39616699 39.34745431 37.67882596
 38.63420552 40.05258538 38.71215834]"
2014-11-18,0.008319104719254122,1.0,2014-10-29,"[37.67882596 38.63420552 40.05258538 38.71215834 37.51007845 38.84654108
 38.93544725 38.49108836 38.79195747 38.51476292 38.00541381 38.20975141
 38.10044928 38.13918714 39.19605291]"
2014-12-11,-0.030755658643854544,-1.0,2014-11-21,"[39.45020932 39.40215901 38.77870736 39.20795578 38.41814818 37.06960552
 39.09456987 39.38973925 38.66158975 38.97369265 37.37598608 37.86656229
 34.76208049 37.53027577]"
2014-12-16,0.04830476886858115,1.0,2014-11-26,"[39.20795578 38.41814818 37.06960552 39.09456987 39.38973925 38.66158975
 38.97369265 37.37598608 37.86656229 34.76208049 37.53027577 34.17289752
 34.53624599 34.12481781]"
2014-12-29,-0.03353775376802537,-1.0,2014-12-09,"[37.86656229 34.76208049 37.53027577 34.17289752 34.53624599 34.12481781
 39.25715298 42.77878118 39.83213458 40.24205437 39.7639687  39.32747287
 39.76708599 39.53323511]"
2015-01-06,0.014162680917131576,1.0,2014-12-17,"[39.25715298 42.77878118 39.83213458 40.24205437 39.7639687  39.32747287
 39.76708599 39.53323511 38.04291221 36.33463117 37.27833132 33.90706013
 34.01256374]"
2015-01-14,0.005974295499480808,-1.0,2014-12-26,"[39.76708599 39.53323511 38.04291221 36.33463117 37.27833132 33.90706013
 34.01256374 38.01441514 40.8988818  37.45863762 36.30197594 36.58559437
 35.86805464]"
2015-01-20,0.016777190109642515,1.0,2014-12-31,"[36.33463117 37.27833132 33.90706013 34.01256374 38.01441514 40.8988818
 37.45863762 36.30197594 36.58559437 35.86805464 34.80491879 38.58226622
 38.04364497]"
2015-01-29,0.014109564480678127,-1.0,2015-01-09,"[37.45863762 36.30197594 36.58559437 35.86805464 34.80491879 38.58226622
 38.04364497 38.68587735 41.10414489 38.33127491 38.92916985 35.87839262
 34.48467446 37.86305284]"
2015-02-02,0.013421191693950174,1.0,2015-01-13,"[36.58559437 35.86805464 34.80491879 38.58226622 38.04364497 38.68587735
 41.10414489 38.33127491 38.92916985 35.87839262 34.48467446 37.86305284
 34.79209184 38.51254723]"
2015-02-06,0.006713646216779612,1.0,2015-01-20,"[38.04364497 38.68587735 41.10414489 38.33127491 38.92916985 35.87839262
 34.48467446 37.86305284 34.79209184 38.51254723 40.53278255 38.17130141
 40.25358712 38.57576303]"
2015-03-03,-0.013073105652546158,-1.0,2015-02-11,"[39.19870096 40.84396601 40.51438448 40.05498635 39.62340925 39.24248727
 40.44704277 39.70688728 40.08888979 39.49122579 39.17428315 38.52005125
 40.2026503  38.74594789]"
2015-03-09,0.0010558696436173687,-1.0,2015-02-17,"[40.05498635 39.62340925 39.24248727 40.44704277 39.70688728 40.08888979
 39.49122579 39.17428315 38.52005125 40.2026503  38.74594789 38.15771052
 38.87397761 35.93282438 38.31192451]"
2015-03-24,-0.0027296570294627065,-1.0,2015-03-04,"[38.15771052 38.87397761 35.93282438 38.31192451 34.90566203 36.21708506
 39.55788899 37.31297934 40.58963691 38.73882118 41.28770826 39.0471825
 40.08002689 39.15510548 37.98092599]"
2015-04-13,0.003634846307998485,1.0,2015-03-24,"[37.98092599 35.43109064 36.57150648 37.69140574 40.24704513 37.27475059
 37.24381162 38.49168691 39.68506323 38.44683794 39.26086946 39.79987137
 40.35852377 38.65628461]"
2015-05-11,0.011822824121253461,1.0,2015-04-21,"[38.90855669 39.93608745 39.93403555 40.0290656  38.76519319 39.73797338
 38.5703355  36.81738279 40.1753058  39.93198399 37.06898289 37.29719088
 38.80482981 41.37146434 39.0063273 ]"
2015-06-09,0.0031182969985843467,1.0,2015-05-20,"[39.66865174 40.25482855 39.39960069 37.24749787 40.37892564 39.40084092
 38.08997615 39.17180354 38.91448255 39.61161935 37.59492476 38.10058284
 37.14550947 37.98502665]"
2015-06-26,-0.011100462442128478,-1.0,2015-06-08,"[37.14550947 37.98502665 40.74317497 40.32246135 38.03016251 37.88397956
 39.57278699 39.49882857 41.37493098 38.33973624 40.05223099 39.74082713
 38.01723837 38.0401276  38.58742686]"
2015-07-13,0.013634630378399848,1.0,2015-06-23,"[39.74082713 38.01723837 38.0401276  38.58742686 34.25571303 36.95724183
 39.02635918 38.21218324 37.64693825 39.37085343 35.35605113 37.27227786
 40.21675867 41.32682972]"
2015-07-27,0.014462566158881529,1.0,2015-07-07,"[39.37085343 35.35605113 37.27227786 40.21675867 41.32682972 40.8850403
 39.91508841 41.28652739 40.49551578 40.21792159 39.07718103 38.84987012
 37.90763451 36.31418098 36.37697647]"
2015-08-20,-0.08225086716952279,-1.0,2015-07-31,"[39.04407852 38.42318705 38.36926187 39.43348572 37.37118106 37.73743461
 40.82777761 37.6507854  38.65524401 38.45084275 39.2539146  40.16928949
 38.88000053 37.37669928 33.91130049]"
2015-08-24,0.04215241294403982,-1.0,2015-08-04,"[38.36926187 39.43348572 37.37118106 37.73743461 40.82777761 37.6507854
 38.65524401 38.45084275 39.2539146  40.16928949 38.88000053 37.37669928
 33.91130049 29.84356264 25.59032654]"
2015-08-27,-0.037105843801851,-1.0,2015-08-07,"[37.73743461 40.82777761 37.6507854  38.65524401 38.45084275 39.2539146
 40.16928949 38.88000053 37.37669928 33.91130049 29.84356264 25.59032654
 28.4211737  38.63918144 40.57624936]"
2015-08-28,-0.019223052117469996,-1.0,2015-08-10,"[40.82777761 37.6507854  38.65524401 38.45084275 39.2539146  40.16928949
 38.88000053 37.37669928 33.91130049 29.84356264 25.59032654 28.4211737
 38.63918144 40.57624936 38.2293849 ]"
2015-09-08,-0.007495244340794627,-1.0,2015-08-19,"[37.37669928 33.91130049 29.84356264 25.59032654 28.4211737  38.63918144
 40.57624936 38.2293849  36.00342762 30.90827629 37.56994754 36.75180098
 33.44825909 39.7165926 ]"
2015-09-14,0.002347208946774204,1.0,2015-08-25,"[28.4211737  38.63918144 40.57624936 38.2293849  36.00342762 30.90827629
 37.56994754 36.75180098 33.44825909 39.7165926  34.85830335 36.86771117
 37.39850826 36.14995026]"
2015-09-18,-0.009008983369118706,1.0,2015-08-31,"[36.00342762 30.90827629 37.56994754 36.75180098 33.44825909 39.7165926
 34.85830335 36.86771117 37.39850826 36.14995026 38.86706764 39.29927407
 37.70279374 33.21330398]"
2015-09-23,-0.029390505287484325,-1.0,2015-09-03,"[36.75180098 33.44825909 39.7165926  34.85830335 36.86771117 37.39850826
 36.14995026 38.86706764 39.29927407 37.70279374 33.21330398 36.28337628
 33.65624469 34.67153486]"
2015-09-28,0.05619709847912069,1.0,2015-09-08,"[39.7165926  34.85830335 36.86771117 37.39850826 36.14995026 38.86706764
 39.29927407 37.70279374 33.21330398 36.28337628 33.65624469 34.67153486
 34.50886128 35.01434938 30.30356637]"
2015-10-02,0.022615405128205257,1.0,2015-09-14,"[36.14995026 38.86706764 39.29927407 37.70279374 33.21330398 36.28337628
 33.65624469 34.67153486 34.50886128 35.01434938 30.30356637 33.11921272
 37.29863914 36.47335521 38.85940714]"
2015-10-07,0.01058121437076931,1.0,2015-09-17,"[37.70279374 33.21330398 36.28337628 33.65624469 34.67153486 34.50886128
 35.01434938 30.30356637 33.11921272 37.29863914 36.47335521 38.85940714
 40.78018466 37.94564875 39.25999924]"
2015-10-14,0.020472688761647984,1.0,2015-09-24,"[34.50886128 35.01434938 30.30356637 33.11921272 37.29863914 36.47335521
 38.85940714 40.78018466 37.94564875 39.25999924 39.98211709 38.8123425
 38.4324096  36.73244619 36.17614822]"
2015-10-20,0.01910296874056927,-1.0,2015-09-30,"[37.29863914 36.47335521 38.85940714 40.78018466 37.94564875 39.25999924
 39.98211709 38.8123425  38.4324096  36.73244619 36.17614822 39.7101271
 39.19681871 38.51346855 37.92238531]"
2015-10-26,0.016425884911689392,1.0,2015-10-06,"[37.94564875 39.25999924 39.98211709 38.8123425  38.4324096  36.73244619
 36.17614822 39.7101271  39.19681871 38.51346855 37.92238531 36.63088137
 40.56387494 41.30582705 39.24525124]"
2015-11-02,-0.010979595089973926,-1.0,2015-10-13,"[36.73244619 36.17614822 39.7101271  39.19681871 38.51346855 37.92238531
 36.63088137 40.56387494 41.30582705 39.24525124 38.60136793 40.96473117
 39.65192887 38.35817331 41.10502515]"
2015-11-09,-0.011822409536501377,-1.0,2015-10-20,"[37.92238531 36.63088137 40.56387494 41.30582705 39.24525124 38.60136793
 40.96473117 39.65192887 38.35817331 41.10502515 40.47046029 39.18536606
 39.01412032 38.96277331 37.02823738]"
2015-12-07,-0.026157964209513995,-1.0,2015-11-17,"[38.0241037  41.27923671 39.50057867 39.98280861 39.20260518 39.41641739
 39.16200661 39.29256218 38.196937   40.53569775 37.43743942 35.37964865
 41.01239234 38.17734989]"
2015-12-10,-0.004080225484048738,-1.0,2015-11-20,"[39.98280861 39.20260518 39.41641739 39.16200661 39.29256218 38.196937
 40.53569775 37.43743942 35.37964865 41.01239234 38.17734989 37.13446896
 36.27584123 37.80921757]"
2015-12-18,0.029996999700089955,1.0,2015-11-30,"[38.196937   40.53569775 37.43743942 35.37964865 41.01239234 38.17734989
 37.13446896 36.27584123 37.80921757 33.8609043  36.97092909 39.18085134
 41.28957805 36.45940085 32.81279339]"
2016-01-04,-0.044323961907790976,-1.0,2015-12-15,"[39.18085134 41.28957805 36.45940085 32.81279339 37.09008028 38.77678044
 40.50616849 38.78435502 38.10054532 40.38174724 37.80119701 36.21003465
 34.41461023]"
2016-01-07,-0.002009786106522138,-1.0,2015-12-18,"[32.81279339 37.09008028 38.77678044 40.50616849 38.78435502 38.10054532
 40.38174724 37.80119701 36.21003465 34.41461023 36.38068975 34.11539516
 30.81129626]"
2016-01-12,-0.028916688445384975,-1.0,2015-12-23,"[40.50616849 38.78435502 38.10054532 40.38174724 37.80119701 36.21003465
 34.41461023 36.38068975 34.11539516 30.81129626 31.53491978 33.65196247
 35.84825445]"
2016-01-15,-0.011501006458665808,-1.0,2015-12-28,"[38.10054532 40.38174724 37.80119701 36.21003465 34.41461023 36.38068975
 34.11539516 30.81129626 31.53491978 33.65196247 35.84825445 30.69036459
 36.31976224 31.37285937]"
2016-01-22,-0.012544609226441072,-1.0,2016-01-04,"[34.41461023 36.38068975 34.11539516 30.81129626 31.53491978 33.65196247
 35.84825445 30.69036459 36.31976224 31.37285937 33.68157722 31.73469754
 34.26201248 38.02863594]"
2016-02-01,-0.04249933516651694,-1.0,2016-01-12,"[35.84825445 30.69036459 36.31976224 31.37285937 33.68157722 31.73469754
 34.26201248 38.02863594 33.34903219 36.97345184 33.84272953 35.60518865
 39.89089441 37.43503409]"
2016-02-04,-0.03220257206046229,-1.0,2016-01-15,"[31.37285937 33.68157722 31.73469754 34.26201248 38.02863594 33.34903219
 36.97345184 33.84272953 35.60518865 39.89089441 37.43503409 33.36343306
 35.91979049 35.88066401]"
2016-02-09,0.023459020461700675,-1.0,2016-01-20,"[31.73469754 34.26201248 38.02863594 33.34903219 36.97345184 33.84272953
 35.60518865 39.89089441 37.43503409 33.36343306 35.91979049 35.88066401
 32.04412012 31.25745608 32.95775672]"
2016-02-12,0.03348872010157211,1.0,2016-01-25,"[33.34903219 36.97345184 33.84272953 35.60518865 39.89089441 37.43503409
 33.36343306 35.91979049 35.88066401 32.04412012 31.25745608 32.95775672
 33.29590895 31.24062886 36.45557466]"
2016-02-19,0.006249984374999906,1.0,2016-02-01,"[37.43503409 33.36343306 35.91979049 35.88066401 32.04412012 31.25745608
 32.95775672 33.29590895 31.24062886 36.45557466 38.19377624 39.49846949
 36.71267306 36.42800347]"
2016-02-26,0.02004205279700777,-1.0,2016-02-08,"[31.25745608 32.95775672 33.29590895 31.24062886 36.45557466 38.19377624
 39.49846949 36.71267306 36.42800347 39.01134189 34.97825288 36.60040841
 38.52188084 36.72338307]"
2016-03-03,-0.0069076234203004905,-1.0,2016-02-12,"[36.45557466 38.19377624 39.49846949 36.71267306 36.42800347 39.01134189
 34.97825288 36.60040841 38.52188084 36.72338307 35.03058585 40.20943861
 38.94379376 38.74543937]"
2016-03-16,0.0065407791195195575,1.0,2016-02-25,"[38.52188084 36.72338307 35.03058585 40.20943861 38.94379376 38.74543937
 38.62158767 38.15441142 35.5936208  37.4649078  37.28529474 40.34243973
 38.38517552 37.76059616 38.91911212]"
2016-03-31,-0.006471399251237853,1.0,2016-03-11,"[40.34243973 38.38517552 37.76059616 38.91911212 39.55747007 38.46680383
 38.6098703  38.20947929 36.77853617 37.2832339  37.58123104 39.46583271
 39.44064067 38.2753488 ]"
2016-04-14,0.009086097040673424,1.0,2016-03-28,"[37.58123104 39.46583271 39.44064067 38.2753488  39.7215044  38.30291523
 36.36546789 39.5920533  36.21607437 37.80879854 37.26901746 39.45176159
 40.68306702 39.47257476]"
2016-05-02,-0.010001452084428264,-1.0,2016-04-12,"[39.45176159 40.68306702 39.47257476 38.91154313 40.31600392 40.14990103
 39.78304377 38.31500683 38.70965733 38.36929954 38.85500302 39.17952592
 37.04782027 36.81414822 39.23089386]"
2016-05-23,0.022562198928242072,1.0,2016-05-03,"[36.85436838 36.54859057 37.29395348 38.31929413 38.26159849 40.74435904
 37.52533162 38.24499761 36.49675172 39.44655065 36.73147695 37.60282582
 37.0348228  38.75809168 37.97179368]"
2016-06-01,0.005136262802373004,1.0,2016-05-12,"[38.24499761 36.49675172 39.44655065 36.73147695 37.60282582 37.0348228
 38.75809168 37.97179368 40.71340182 40.80382232 39.83590222 40.3558999
 39.31926803 39.69881401]"
2016-06-16,0.0003359744765554229,-1.0,2016-05-27,"[40.3558999  39.31926803 39.69881401 40.01748066 38.91974256 40.13317221
 39.89414254 40.26554998 39.51473115 37.49365173 36.83095706 37.43949335
 37.65234589 38.62968064]"
2016-06-27,0.044138265206264515,1.0,2016-06-07,"[39.89414254 40.26554998 39.51473115 37.49365173 36.83095706 37.43949335
 37.65234589 38.62968064 36.62864386 38.91783911 39.11975133 38.48183319
 41.31595284 32.41022123 32.21452439]"
2016-06-30,-0.005107848102116508,-1.0,2016-06-10,"[37.49365173 36.83095706 37.43949335 37.65234589 38.62968064 36.62864386
 38.91783911 39.11975133 38.48183319 41.31595284 32.41022123 32.21452439
 38.40611873 40.88161814 41.97094604]"
2016-07-07,0.025867408131854397,1.0,2016-06-17,"[36.62864386 38.91783911 39.11975133 38.48183319 41.31595284 32.41022123
 32.21452439 38.40611873 40.88161814 41.97094604 40.620299   38.39005264
 40.095062   39.35090556]"
2016-09-09,-0.0006095508280644646,1.0,2016-08-22,"[40.51656415 40.96863183 39.62402476 39.98236414 39.76026996 41.11274417
 40.3045569  39.78290238 40.120637   41.18052096 41.39351991 40.95329821
 40.33325845 35.28493844]"
2016-09-26,0.007188171975631041,1.0,2016-09-06,"[41.39351991 40.95329821 40.33325845 35.28493844 40.97393004 36.99345147
 38.41020997 40.97252097 38.21660994 39.09655667 39.30861831 41.82538772
 42.06673741 39.91173341 38.47507044]"
2016-10-17,0.011818410118221934,1.0,2016-09-27,"[40.65274083 41.23302418 38.66137816 41.07828544 39.89326121 38.90616664
 40.41890135 40.24672261 39.38236847 40.82128583 37.6059112  39.15645585
 38.59986821 39.17367298 38.53702188]"
2016-11-02,0.016258171634925045,-1.0,2016-10-13,"[38.59986821 39.17367298 38.53702188 40.30735688 40.36365046 39.60516089
 39.81003864 40.68784398 39.48622241 39.28711441 38.94762818 38.65277418
 39.06157615 37.6461681  37.22148705]"
2016-11-11,0.006699921510950224,1.0,2016-10-24,"[40.68784398 39.48622241 39.28711441 38.94762818 38.65277418 39.06157615
 37.6461681  37.22148705 37.13596222 37.67592047 42.68575687 41.54833678
 42.89582743 41.98615412 40.75921246]"
2016-11-18,0.010068636155606603,1.0,2016-10-31,"[39.06157615 37.6461681  37.22148705 37.13596222 37.67592047 42.68575687
 41.54833678 42.89582743 41.98615412 40.75921246 40.86016867 42.31479519
 40.90630227 41.89446915 40.68670999]"
2016-12-08,0.011592276569192483,1.0,2016-11-18,"[40.68670999 42.35802652 41.8968272  41.55691211 42.13296772 40.54968431
 41.30671323 40.58788322 39.97761206 40.52452918 41.89317717 41.98084525
 44.40100816 43.35745346]"
2017-01-19,0.00748086392845182,1.0,2016-12-30,"[40.49765214 42.71130063 43.35792733 42.39368362 43.08198493 41.84157988
 42.06347183 42.71618688 41.80258306 42.50339742 41.44524058 42.28093321
 41.26664739]"
2017-02-14,0.011938416926894346,1.0,2017-01-25,"[44.56337759 43.18659066 42.6240385  41.24910421 41.88676575 42.12033996
 42.27213076 43.78306368 42.57293737 42.59592605 42.86635255 44.05629149
 44.23246796 44.82397797 44.89338999]"
2017-03-23,0.005512148038764542,1.0,2017-03-03,"[44.48056209 43.6710762  43.2676679  43.23200994 43.85488367 44.63986549
 44.36691192 43.30681163 45.78576585 44.38451179 42.96073642 43.38028193
 40.61073869 42.76876374 42.67150076]"
2017-04-24,0.006366720127897629,1.0,2017-04-04,"[43.76483723 43.01411262 44.0050588  43.50566807 43.71003772 43.37708419
 42.48049218 41.51637241 44.48398354 43.01726541 42.82266009 44.98336834
 43.3683849  46.13368495]"
2017-07-10,0.013037934006641327,1.0,2017-06-20,"[44.12399669 44.71390002 44.76276508 45.16999178 45.23351698 43.19793459
 46.32695748 43.34733586 44.70843826 45.1127431  45.50859752 42.98877434
 45.58611192 45.31328362]"
2017-08-11,0.011551724798290142,1.0,2017-07-24,"[45.93462699 46.48675618 46.15576055 45.81368909 45.5832433  45.57847651
 46.22113183 46.10080321 45.51174006 46.16311338 46.43592553 45.56039955
 45.78253192 42.33424537 44.45058612]"
2017-08-25,0.005929003156109003,1.0,2017-08-07,"[46.43592553 45.56039955 45.78253192 42.33424537 44.45058612 47.12964399
 46.06813304 46.3291841  42.19714417 43.6606083  44.48560368 47.19313598
 45.1767458  44.79355107 45.64877638]"
2017-09-05,0.012801792349847796,1.0,2017-08-16,"[46.3291841  42.19714417 43.6606083  44.48560368 47.19313598 45.1767458
 44.79355107 45.64877638 45.46015082 45.71238226 46.73365124 47.57013917
 46.99219229 44.74979171]"
2017-10-02,0.006460010917802572,1.0,2017-09-12,"[47.85776337 47.22417    46.81766989 45.80193821 46.69456131 46.71137069
 46.6107308  45.82143771 46.14348816 45.67135557 46.10501317 47.08333519
 46.92483541 47.54598793 48.111829  ]"
2017-11-16,0.005297328228623499,1.0,2017-10-27,"[49.42306926 47.43253559 48.06354956 48.20359817 48.07042712 48.81200709
 48.72240622 48.19999143 48.58930939 47.3668705  47.67165918 48.0096869
 47.31912172 46.3136857  49.20676666]"
2017-11-27,0.015025184777784917,1.0,2017-11-07,"[48.19999143 48.58930939 47.3668705  47.67165918 48.0096869  47.31912172
 46.3136857  49.20676666 47.558503   48.21650235 49.7159248  48.60330162
 49.08344875 48.56151952]"
2017-12-07,0.010262399849143344,1.0,2017-11-17,"[47.558503   48.21650235 49.7159248  48.60330162 49.08344875 48.56151952
 51.13171428 49.58199543 51.56741194 49.69107259 49.23350911 48.28011923
 48.73662574 49.59489124]"
2018-01-04,0.01078761519021465,1.0,2017-12-15,"[50.01510535 51.34479932 49.3689724  49.47254332 50.07912228 49.73472556
 49.37912845 49.64338659 50.14974639 48.84425588 51.18282865 52.02903091
 52.12036262]"
2018-01-12,0.006080785553216117,1.0,2017-12-26,"[49.37912845 49.64338659 50.14974639 48.84425588 51.18282865 52.02903091
 52.12036262 53.05034267 52.341167   52.30866736 51.28049903 53.22146362
 53.90145146]"
2018-01-18,0.014867069488406992,1.0,2017-12-29,"[48.84425588 51.18282865 52.02903091 52.12036262 53.05034267 52.341167
 52.30866736 51.28049903 53.22146362 53.90145146 51.69120743 54.38275766
 52.47550016]"
2018-01-24,0.005296984381237602,1.0,2018-01-04,"[52.12036262 53.05034267 52.341167   52.30866736 51.28049903 53.22146362
 53.90145146 51.69120743 54.38275766 52.47550016 53.55718112 55.03600262
 54.2190813  53.35973564]"
2018-02-01,-0.04421472609841426,-1.0,2018-01-12,"[53.90145146 51.69120743 54.38275766 52.47550016 53.55718112 55.03600262
 54.2190813  53.35973564 53.19626122 56.22862419 52.55205579 50.06259038
 51.6328437  51.54406878]"
2018-02-06,-0.014082446882873523,-1.0,2018-01-17,"[54.38275766 52.47550016 53.55718112 55.03600262 54.2190813  53.35973564
 53.19626122 56.22862419 52.55205579 50.06259038 51.6328437  51.54406878
 45.69021097 37.35814126 49.16452771]"
2018-02-07,-0.00870481147247526,-1.0,2018-01-18,"[52.47550016 53.55718112 55.03600262 54.2190813  53.35973564 53.19626122
 56.22862419 52.55205579 50.06259038 51.6328437  51.54406878 45.69021097
 37.35814126 49.16452771 46.98257468]"
2018-02-08,0.03248843239357946,1.0,2018-01-19,"[53.55718112 55.03600262 54.2190813  53.35973564 53.19626122 56.22862419
 52.55205579 50.06259038 51.6328437  51.54406878 45.69021097 37.35814126
 49.16452771 46.98257468 38.02403434]"
2018-02-12,0.022838614951965264,1.0,2018-01-23,"[54.2190813  53.35973564 53.19626122 56.22862419 52.55205579 50.06259038
 51.6328437  51.54406878 45.69021097 37.35814126 49.16452771 46.98257468
 38.02403434 47.45241342 50.97643065]"
2018-02-15,-0.005970058257224853,-1.0,2018-01-26,"[56.22862419 52.55205579 50.06259038 51.6328437  51.54406878 45.69021097
 37.35814126 49.16452771 46.98257468 38.02403434 47.45241342 50.97643065
 50.1127176  53.24567649 54.85539181]"
2018-03-02,0.013750602715764337,1.0,2018-02-12,"[50.97643065 50.1127176  53.24567649 54.85539181 52.75658543 50.26623932
 49.3942137  50.37889391 54.5155731  55.47688279 49.83947635 48.09917048
 45.61229469 49.32526445]"
2018-03-06,0.020668366669078786,1.0,2018-02-14,"[53.24567649 54.85539181 52.75658543 50.26623932 49.3942137  50.37889391
 54.5155731  55.47688279 49.83947635 48.09917048 45.61229469 49.32526445
 52.40341194 51.69153913]"
2018-03-19,-0.01988984878885902,-1.0,2018-02-27,"[49.83947635 48.09917048 45.61229469 49.32526445 52.40341194 51.69153913
 50.96135857 52.12898324 56.1855524  53.28940928 50.96674211 50.10428607
 50.47391748 49.92874413 46.69953759]"
2018-03-23,0.006897884451752212,1.0,2018-03-05,"[52.40341194 51.69153913 50.96135857 52.12898324 56.1855524  53.28940928
 50.96674211 50.10428607 50.47391748 49.92874413 46.69953759 49.15213318
 48.93210529 42.65662737 40.67605804]"
2018-04-02,0.013710331247483998,1.0,2018-03-13,"[50.96674211 50.10428607 50.47391748 49.92874413 46.69953759 49.15213318
 48.93210529 42.65662737 40.67605804 51.56651112 44.76766473 46.06376109
 50.35620223 43.45368867]"
2018-04-10,0.008221735053103751,-1.0,2018-03-21,"[48.93210529 42.65662737 40.67605804 51.56651112 44.76766473 46.06376109
 50.35620223 43.45368867 49.43589188 51.27175148 51.91669177 44.59010904
 48.34848536 52.39153494]"
2018-04-16,-0.002842853540407475,1.0,2018-03-27,"[44.76766473 46.06376109 50.35620223 43.45368867 49.43589188 51.27175148
 51.91669177 44.59010904 48.34848536 52.39153494 48.96779802 51.33614961
 49.42856045 51.63243071]"
2018-04-27,-0.012604989590373594,-1.0,2018-04-09,"[48.34848536 52.39153494 48.96779802 51.33614961 49.42856045 51.63243071
 53.31661511 51.76519356 49.65203413 47.76402256 48.8216819  45.49902883
 48.0374023  50.90350893 49.98685576]"
2018-05-04,0.013081765069917317,1.0,2018-04-16,"[51.63243071 53.31661511 51.76519356 49.65203413 47.76402256 48.8216819
 45.49902883 48.0374023  50.90350893 49.98685576 47.61467829 49.03871182
 47.26235776 47.62858296 51.5669542 ]"
2018-05-11,-0.0022357192105029178,-1.0,2018-04-23,"[48.8216819  45.49902883 48.0374023  50.90350893 49.98685576 47.61467829
 49.03871182 47.26235776 47.62858296 51.5669542  50.97077501 50.18452885
 52.50172351 53.61155673 52.78774375]"
2018-06-05,0.012577215283666732,1.0,2018-05-16,"[51.39659826 50.62038599 49.89951039 52.21550684 50.46456527 51.35798306
 50.41949565 49.95169959 47.16696036 52.38938751 49.35177573 52.61192645
 52.69341755 51.98148689]"
2018-06-19,-0.016333938294010864,-1.0,2018-05-30,"[52.38938751 49.35177573 52.61192645 52.69341755 51.98148689 53.89360197
 52.54054643 52.97650911 52.71264885 52.60490275 51.33400867 52.283259
 50.33187616 50.45718953 49.81786603]"
2018-07-02,0.02221735206819786,1.0,2018-06-12,"[52.60490275 51.33400867 52.283259   50.33187616 50.45718953 49.81786603
 50.96235613 49.20749001 50.63724666 46.92038273 49.48465076 47.46985659
 50.35374798 50.39790041 50.83287949]"
2018-07-11,0.008957636113431144,1.0,2018-06-21,"[49.20749001 50.63724666 46.92038273 49.48465076 47.46985659 50.35374798
 50.39790041 50.83287949 49.59554516 52.2503134  53.56173588 54.6747549
 54.0196258  50.95137196]"
2018-07-20,0.015482040576280998,1.0,2018-07-02,"[50.83287949 49.59554516 52.2503134  53.56173588 54.6747549  54.0196258
 50.95137196 54.03915734 52.99491396 52.26504504 53.28147752 53.16688368
 51.57708703 51.58770177]"
2018-08-14,0.006234656700979002,-1.0,2018-07-25,"[55.11603212 53.04930755 51.06480695 50.42284133 52.68931822 51.772084
 53.47455784 53.9528925  54.21568414 54.41307288 53.59838278 53.02439286
 51.16608885 50.99381434 53.51018198]"
2018-08-22,0.012614829772538139,1.0,2018-08-02,"[53.47455784 53.9528925  54.21568414 54.41307288 53.59838278 53.02439286
 51.16608885 50.99381434 53.51018198 50.69201415 53.91903308 54.01144509
 53.96440196 54.15440091 53.48900749]"
2018-09-18,0.00037807225082575613,1.0,2018-08-29,"[56.03308579 53.83068491 54.08635836 53.5295826  52.93988003 52.46737654
 52.42026887 53.34948899 54.21484366 53.8461937  55.45364406 54.61316935
 52.82041597 55.03726033]"
2018-10-08,-0.046626407732663244,-1.0,2018-09-18,"[55.03726033 54.67220201 56.71129821 53.80913355 53.26067895 53.47952699
 52.83779425 54.16270165 53.93754671 54.89614509 54.21935265 54.34461994
 51.97166356 51.45354436 52.5182339 ]"
2018-10-11,0.03023838265385992,1.0,2018-09-21,"[53.80913355 53.26067895 53.47952699 52.83779425 54.16270165 53.93754671
 54.89614509 54.21935265 54.34461994 51.97166356 51.45354436 52.5182339
 52.41930957 43.69322931 42.27729149]"
2018-10-17,-0.019397403341883224,-1.0,2018-09-27,"[54.16270165 53.93754671 54.89614509 54.21935265 54.34461994 51.97166356
 51.45354436 52.5182339  52.41930957 43.69322931 42.27729149 50.36571248
 48.34681989 55.4536138  53.00411201]"
2018-10-22,-0.04054406965041024,-1.0,2018-10-02,"[54.21935265 54.34461994 51.97166356 51.45354436 52.5182339  52.41930957
 43.69322931 42.27729149 50.36571248 48.34681989 55.4536138  53.00411201
 48.50698463 50.23577777 49.52689371]"
2018-10-25,-0.00855301433349076,-1.0,2018-10-05,"[51.45354436 52.5182339  52.41930957 43.69322931 42.27729149 50.36571248
 48.34681989 55.4536138  53.00411201 48.50698463 50.23577777 49.52689371
 49.00313731 41.65370067 50.80912152]"
2018-11-01,0.005886384194859984,-1.0,2018-10-12,"[50.36571248 48.34681989 55.4536138  53.00411201 48.50698463 50.23577777
 49.52689371 49.00313731 41.65370067 50.80912152 44.8760284  45.79496707
 51.1786562  52.69987913 54.01883068]"
2018-11-06,-0.00926863930773203,1.0,2018-10-17,"[53.00411201 48.50698463 50.23577777 49.52689371 49.00313731 41.65370067
 50.80912152 44.8760284  45.79496707 51.1786562  52.69987913 54.01883068
 50.61208018 52.41530716 53.33396338]"
