Date,Open,High,Low,Close,%Change
10/28/2013,175.889999,176.470001,175.699997,176.229996,0%
10/29/2013,176.630005,177.240005,176.380005,177.169998,0.533%
10/30/2013,177.380005,177.509995,175.660004,176.289993,-0.497%
10/31/2013,176.149994,176.889999,175.529999,175.789993,-0.284%
11/1/2013,176.020004,176.610001,175.220001,176.210007,0.239%
11/4/2013,176.690002,176.899994,175.979996,176.830002,0.352%
11/5/2013,176.139999,176.75,175.570007,176.270004,-0.317%
11/6/2013,177.029999,177.5,176.539993,177.169998,0.511%
11/7/2013,177.5,177.639999,174.759995,174.929993,-1.264%
11/8/2013,174.869995,177.309998,174.850006,177.289993,1.349%
11/11/2013,177.119995,177.529999,176.910004,177.320007,0.017%
11/12/2013,176.940002,177.360001,176.369995,176.960007,-0.203%
11/13/2013,176.089996,178.429993,176.089996,178.380005,0.802%
11/14/2013,178.539993,179.419998,178.25,179.270004,0.499%
11/15/2013,179.559998,180.119995,179.330002,180.050003,0.435%
11/18/2013,180.350006,180.5,179.020004,179.419998,-0.350%
11/19/2013,179.330002,179.869995,178.720001,179.029999,-0.217%
11/20/2013,179.389999,179.929993,177.979996,178.470001,-0.313%
11/21/2013,178.970001,180.050003,178.860001,179.910004,0.807%
11/22/2013,179.979996,180.830002,179.770004,180.809998,0.500%
11/25/2013,181.130005,181.169998,180.369995,180.630005,-0.100%
11/26/2013,180.720001,181.220001,180.410004,180.679993,0.028%
11/27/2013,180.869995,181.240005,180.649994,181.119995,0.244%
11/29/2013,181.320007,181.75,180.800003,181,-0.066%
12/2/2013,181.089996,181.429993,180.25,180.529999,-0.260%
12/3/2013,179.940002,180.389999,179.169998,179.75,-0.432%
12/4/2013,179.100006,180.479996,178.350006,179.729996,-0.011%
12/5/2013,179.410004,179.740005,178.770004,178.940002,-0.440%
12/6/2013,180.669998,181.110001,180.149994,180.940002,1.118%
12/9/2013,181.470001,181.669998,181.160004,181.399994,0.254%
12/10/2013,180.979996,181.360001,180.639999,180.75,-0.358%
12/11/2013,180.820007,180.850006,178.5,178.720001,-1.123%
12/12/2013,178.639999,178.860001,177.759995,178.130005,-0.330%
12/13/2013,178.5,178.660004,177.770004,178.110001,-0.011%
12/16/2013,178.949997,179.809998,178.899994,179.220001,0.623%
12/17/2013,179.380005,179.410004,178.25,178.649994,-0.318%
12/18/2013,178.919998,181.729996,177.320007,181.699997,1.707%
12/19/2013,181.179993,181.699997,180.710007,181.490005,-0.116%
12/20/2013,180.690002,181.990005,180.570007,181.559998,0.039%
12/23/2013,182.449997,182.639999,182.070007,182.529999,0.534%
12/24/2013,182.539993,183.009995,182.529999,182.929993,0.219%
12/26/2013,183.339996,183.960007,183.320007,183.860001,0.508%
12/27/2013,184.100006,184.179993,183.660004,183.850006,-0.005%
12/30/2013,183.869995,184.020004,183.580002,183.820007,-0.016%
12/31/2013,184.070007,184.690002,183.929993,184.690002,0.473%
1/2/2014,183.979996,184.070007,182.479996,182.919998,-0.958%
1/3/2014,183.229996,183.600006,182.630005,182.889999,-0.016%
1/6/2014,183.490005,183.559998,182.080002,182.360001,-0.290%
1/7/2014,183.089996,183.789993,182.949997,183.479996,0.614%
1/8/2014,183.449997,183.830002,182.889999,183.520004,0.022%
1/9/2014,184.110001,184.130005,182.800003,183.639999,0.065%
1/10/2014,183.949997,184.220001,183.009995,184.139999,0.272%
1/13/2014,183.669998,184.179993,181.339996,181.690002,-1.331%
1/14/2014,182.289993,183.770004,181.949997,183.669998,1.090%
1/15/2014,184.100006,184.940002,183.710007,184.660004,0.539%
1/16/2014,184.279999,184.660004,183.830002,184.419998,-0.130%
1/17/2014,184.100006,184.449997,183.320007,183.639999,-0.423%
1/21/2014,184.699997,184.770004,183.050003,184.179993,0.294%
1/22/2014,184.490005,184.570007,183.910004,184.300003,0.065%
1/23/2014,183.369995,183.399994,181.820007,182.789993,-0.819%
1/24/2014,181.600006,181.660004,178.830002,178.889999,-2.134%
1/27/2014,179.059998,179.520004,177.119995,178.009995,-0.492%
1/28/2014,178.139999,179.300003,178.119995,179.070007,0.595%
1/29/2014,177.580002,178.550003,176.880005,177.350006,-0.961%
1/30/2014,178.830002,179.809998,178.259995,179.229996,1.060%
1/31/2014,177.009995,179.289993,176.919998,178.179993,-0.586%
2/3/2014,177.970001,178.369995,173.830002,174.169998,-2.251%
2/4/2014,174.949997,175.839996,174.110001,175.389999,0.700%
2/5/2014,174.779999,175.559998,173.710007,175.169998,-0.125%
2/6/2014,175.580002,177.479996,175.220001,177.479996,1.319%
2/7/2014,178.309998,179.869995,177.729996,179.679993,1.240%
2/10/2014,179.699997,180.070007,179.210007,180.009995,0.184%
2/11/2014,180.160004,182.440002,180.039993,181.979996,1.094%
2/12/2014,182.25,182.830002,181.710007,182.070007,0.049%
2/13/2014,180.839996,183.199997,180.830002,183.009995,0.516%
2/14/2014,182.839996,184.360001,182.669998,184.020004,0.552%
2/18/2014,184.179993,184.490005,183.649994,184.240005,0.120%
2/19/2014,183.759995,184.949997,182.869995,183.020004,-0.662%
2/20/2014,183.270004,184.520004,182.600006,184.100006,0.590%
2/21/2014,184.449997,184.889999,183.800003,183.889999,-0.114%
2/24/2014,184.279999,186.149994,184.199997,184.910004,0.555%
2/25/2014,185.059998,185.589996,184.229996,184.839996,-0.038%
2/26/2014,185.110001,185.600006,184.330002,184.850006,0.005%
2/27/2014,184.580002,185.869995,184.369995,185.820007,0.525%
2/28/2014,185.789993,187.149994,185.050003,186.289993,0.253%
3/3/2014,184.649994,185.449997,183.75,184.979996,-0.703%
3/4/2014,186.789993,187.979996,186.75,187.580002,1.406%
3/5/2014,187.740005,188.070007,187.449997,187.75,0.091%
3/6/2014,188.210007,188.610001,187.779999,188.179993,0.229%
3/7/2014,188.960007,188.960007,187.429993,188.259995,0.043%
3/10/2014,187.970001,188.229996,187.080002,188.160004,-0.053%
3/11/2014,188.440002,188.710007,186.800003,187.229996,-0.494%
3/12/2014,186.320007,187.350006,185.899994,187.279999,0.027%
3/13/2014,187.839996,187.990005,184.660004,185.179993,-1.121%
3/14/2014,184.850006,185.800003,184.440002,184.660004,-0.281%
3/17/2014,185.589996,186.770004,185.509995,186.330002,0.904%
3/18/2014,186.710007,187.910004,186.509995,187.660004,0.714%
3/19/2014,187.679993,187.940002,185.470001,186.660004,-0.533%
3/20/2014,186.25,187.889999,185.919998,187.75,0.584%
3/21/2014,187.710007,189.020004,186.029999,186.199997,-0.826%
3/24/2014,186.839996,187.070007,184.619995,185.429993,-0.414%
3/25/2014,186.369995,186.940002,185.270004,186.309998,0.475%
3/26/2014,187.039993,187.339996,184.919998,184.970001,-0.719%
3/27/2014,184.75,185.339996,183.899994,184.580002,-0.211%
3/28/2014,185.110001,186.419998,185,185.490005,0.493%
3/31/2014,186.669998,187.300003,185.520004,187.009995,0.819%
4/1/2014,187.619995,188.360001,187,188.25,0.663%
4/2/2014,188.490005,189.130005,188.139999,188.880005,0.335%
4/3/2014,189.169998,189.220001,188.050003,188.630005,-0.132%
4/4/2014,189.660004,189.699997,186.100006,186.399994,-1.182%
4/7/2014,185.949997,186.259995,183.960007,184.339996,-1.105%
4/8/2014,184.259995,185.399994,183.589996,185.100006,0.412%
4/9/2014,185.600006,187.149994,185.059998,187.089996,1.075%
4/10/2014,187.080002,187.169998,182.929993,183.160004,-2.101%
4/11/2014,182.139999,183.419998,181.309998,181.509995,-0.901%
4/14/2014,182.929993,183.369995,181.440002,182.940002,0.788%
4/15/2014,183.320007,184.330002,181.509995,184.199997,0.689%
4/16/2014,185.470001,186.139999,184.649994,186.130005,1.048%
4/17/2014,185.880005,186.910004,185.559998,186.389999,0.140%
4/21/2014,186.440002,187.100006,186.210007,187.039993,0.349%
4/22/2014,187.229996,188.399994,187.130005,187.889999,0.454%
4/23/2014,187.820007,187.919998,187.300003,187.449997,-0.234%
4/24/2014,188.369995,188.389999,186.929993,187.830002,0.203%
4/25/2014,187.220001,187.330002,185.869995,186.289993,-0.820%
4/28/2014,187.050003,187.690002,184.960007,186.880005,0.317%
4/29/2014,187.479996,188.039993,187.080002,187.75,0.466%
4/30/2014,187.440002,188.5,187.179993,188.309998,0.298%
5/1/2014,188.220001,188.839996,187.729996,188.330002,0.011%
5/2/2014,188.309998,189.139999,187.779999,188.059998,-0.143%
5/5/2014,187.139999,188.550003,186.619995,188.419998,0.191%
5/6/2014,188,188.130005,186.740005,186.779999,-0.870%
5/7/2014,187.410004,187.970001,186.009995,187.880005,0.589%
5/8/2014,187.710007,189.050003,187.080002,187.679993,-0.106%
5/9/2014,187.710007,188.039993,186.830002,187.960007,0.149%
5/12/2014,188.800003,189.880005,188,189.789993,0.974%
5/13/2014,190.039993,190.419998,189.770004,189.960007,0.090%
5/14/2014,189.789993,189.880005,188.789993,189.059998,-0.474%
5/15/2014,188.679993,188.720001,186.479996,187.399994,-0.878%
5/16/2014,187.509995,188.130005,186.720001,188.050003,0.347%
5/19/2014,187.690002,188.889999,187.520004,188.740005,0.367%
5/20/2014,188.649994,188.669998,187.070007,187.550003,-0.630%
5/21/2014,188.089996,189.220001,188.059998,189.130005,0.842%
5/22/2014,189.179993,189.979996,188.860001,189.589996,0.243%
5/23/2014,189.759995,190.479996,189.589996,190.350006,0.401%
5/27/2014,191.059998,191.580002,190.949997,191.520004,0.615%
5/28/2014,191.520004,191.820007,191.059998,191.380005,-0.073%
5/29/2014,191.820007,192.399994,191.330002,192.369995,0.517%
5/30/2014,192.190002,192.800003,192.029999,192.679993,0.161%
6/2/2014,192.949997,192.990005,191.970001,192.899994,0.114%
6/3/2014,192.429993,192.899994,192.25,192.800003,-0.052%
6/4/2014,192.470001,193.300003,192.270004,193.190002,0.202%
6/5/2014,193.410004,194.649994,192.699997,194.449997,0.652%
6/6/2014,194.869995,195.429993,194.779999,195.380005,0.478%
6/9/2014,195.350006,196.050003,195.169998,195.580002,0.102%
6/10/2014,195.339996,195.639999,194.919998,195.600006,0.010%
6/11/2014,194.899994,195.119995,194.479996,194.919998,-0.348%
6/12/2014,194.690002,194.800003,193.110001,193.539993,-0.708%
6/13/2014,193.919998,194.320007,193.300003,194.130005,0.305%
6/16/2014,193.889999,194.699997,193.660004,194.289993,0.082%
6/17/2014,194.020004,194.970001,193.809998,194.830002,0.278%
6/18/2014,194.830002,196.369995,194.399994,196.259995,0.734%
6/19/2014,196.429993,196.600006,195.800003,196.479996,0.112%
6/20/2014,196.029999,196.100006,195.699997,195.940002,-0.275%
6/23/2014,195.990005,196.050003,195.520004,195.880005,-0.031%
6/24/2014,195.529999,196.5,194.479996,194.699997,-0.602%
6/25/2014,194.289993,195.779999,194.25,195.580002,0.452%
6/26/2014,195.610001,195.630005,194.130005,195.440002,-0.072%
6/27/2014,194.979996,195.880005,194.889999,195.820007,0.194%
6/30/2014,195.699997,196.169998,195.529999,195.720001,-0.051%
7/1/2014,196.199997,197.630005,196.130005,197.029999,0.669%
7/2/2014,197.050003,197.479996,196.960007,197.229996,0.102%
7/3/2014,197.789993,198.289993,197.639999,198.199997,0.492%
7/7/2014,197.820007,197.979996,197.220001,197.509995,-0.348%
7/8/2014,197.149994,197.220001,195.759995,196.240005,-0.643%
7/9/2014,196.729996,197.300003,196.309998,197.119995,0.448%
7/10/2014,195.220001,196.860001,195.059998,196.339996,-0.396%
7/11/2014,196.220001,196.75,195.779999,196.610001,0.138%
7/14/2014,197.610001,197.860001,197.440002,197.600006,0.504%
7/15/2014,197.720001,198.100006,196.360001,197.229996,-0.187%
7/16/2014,198.110001,198.259995,197.419998,197.960007,0.370%
7/17/2014,197.350006,198.100006,195.429993,195.710007,-1.137%
7/18/2014,196.350006,197.910004,196.240005,197.710007,1.022%
7/21/2014,197.089996,197.5,196.429993,197.339996,-0.187%
7/22/2014,198.009995,198.559998,197.869995,198.199997,0.436%
7/23/2014,198.5,198.850006,198.100006,198.639999,0.222%
7/24/2014,198.830002,199.059998,198.449997,198.649994,0.005%
7/25/2014,198.089996,198.259995,197.330002,197.720001,-0.468%
7/28/2014,197.759995,198.089996,196.619995,197.800003,0.040%
7/29/2014,198.169998,198.449997,196.919998,196.949997,-0.430%
7/30/2014,197.649994,197.910004,196.160004,196.979996,0.015%
7/31/2014,195.610001,195.779999,192.970001,193.089996,-1.975%
8/1/2014,192.559998,193.759995,191.570007,192.5,-0.306%
8/4/2014,192.869995,194.300003,192.050003,193.889999,0.722%
8/5/2014,193.100006,193.600006,191.309998,192.009995,-0.970%
8/6/2014,191.110001,192.889999,191.080002,192.070007,0.031%
8/7/2014,192.940002,193.130005,190.550003,191.029999,-0.541%
8/8/2014,191.460007,193.369995,190.949997,193.240005,1.157%
8/11/2014,193.970001,194.660004,193.710007,193.800003,0.290%
8/12/2014,193.610001,194.149994,192.940002,193.529999,-0.139%
8/13/2014,194.289993,195.059998,193.960007,194.839996,0.677%
8/14/2014,195.160004,195.759995,194.979996,195.759995,0.472%
8/15/2014,196.470001,196.649994,194.309998,195.720001,-0.020%
8/18/2014,196.800003,197.449997,196.690002,197.360001,0.838%
8/19/2014,197.839996,198.539993,197.440002,198.389999,0.522%
8/20/2014,198.119995,199.160004,198.080002,198.919998,0.267%
8/21/2014,199.089996,199.759995,198.929993,199.5,0.292%
8/22/2014,199.339996,199.690002,198.740005,199.190002,-0.155%
8/25/2014,200.139999,200.589996,199.149994,200.199997,0.507%
8/26/2014,200.330002,200.820007,200.279999,200.330002,0.065%
8/27/2014,200.429993,200.570007,199.940002,200.25,-0.040%
8/28/2014,199.589996,200.270004,199.389999,200.139999,-0.055%
8/29/2014,200.449997,200.729996,199.820007,200.710007,0.285%
9/2/2014,200.970001,201,199.860001,200.610001,-0.050%
9/3/2014,201.380005,201.410004,200.220001,200.5,-0.055%
9/4/2014,200.839996,201.580002,199.660004,200.210007,-0.145%
9/5/2014,200.169998,201.190002,199.410004,201.110001,0.450%
9/8/2014,200.919998,201.210007,200,200.589996,-0.259%
9/9/2014,200.410004,200.550003,198.910004,199.320007,-0.633%
9/10/2014,199.429993,200.199997,198.770004,200.070007,0.376%
9/11/2014,199.270004,200.330002,199.119995,200.300003,0.115%
9/12/2014,200.100006,200.119995,198.559998,199.130005,-0.584%
9/15/2014,199.160004,199.320007,198.380005,198.979996,-0.075%
9/16/2014,198.610001,200.839996,198.5,200.479996,0.754%
9/17/2014,200.770004,201.679993,199.75,200.75,0.135%
9/18/2014,201.360001,201.850006,201.100006,201.820007,0.533%
9/19/2014,201.520004,201.899994,200.289993,200.699997,-0.555%
9/22/2014,200.350006,200.380005,198.729996,199.149994,-0.772%
9/23/2014,198.429993,199.259995,197.949997,198.009995,-0.572%
9/24/2014,198.039993,199.690002,197.520004,199.559998,0.783%
9/25/2014,199.039993,199.050003,196.270004,196.339996,-1.614%
9/26/2014,196.699997,198.389999,196.419998,197.899994,0.795%
9/29/2014,196.199997,197.889999,196.050003,197.539993,-0.182%
9/30/2014,197.690002,198.300003,196.610001,197.020004,-0.263%
10/1/2014,196.699997,196.770004,193.910004,194.350006,-1.355%
10/2/2014,194.179993,195.059998,192.350006,194.380005,0.015%
10/3/2014,195.679993,196.940002,195.080002,196.520004,1.101%
10/6/2014,197.339996,197.600006,195.580002,196.289993,-0.117%
10/7/2014,195.279999,195.720001,193.220001,193.259995,-1.544%
10/8/2014,193.369995,196.919998,192.360001,196.639999,1.749%
10/9/2014,196.330002,196.600006,192.580002,192.740005,-1.983%
10/10/2014,192.690002,193.649994,190.490005,190.539993,-1.141%
10/13/2014,190.460007,191.149994,187.300003,187.410004,-1.643%
10/14/2014,188.419998,189.820007,187.039993,187.699997,0.155%
10/15/2014,185.160004,187.690002,181.919998,186.429993,-0.677%
10/16/2014,183.059998,187.580002,182.889999,186.270004,-0.086%
10/17/2014,188.419998,189.75,187.619995,188.470001,1.181%
10/20/2014,188.130005,190.449997,188.070007,190.300003,0.971%
10/21/2014,191.679993,194.199997,191.479996,194.070007,1.981%
10/22/2014,194.410004,194.910004,192.610001,192.690002,-0.711%
10/23/2014,194.619995,196.199997,194.259995,194.929993,1.162%
10/24/2014,195.25,196.490005,194.490005,196.429993,0.770%
10/27/2014,195.729996,196.449997,195.029999,196.160004,-0.137%
10/28/2014,196.820007,198.419998,196.729996,198.410004,1.147%
10/29/2014,198.550003,199.119995,196.800003,198.110001,-0.151%
10/30/2014,197.580002,199.949997,197.399994,199.380005,0.641%
10/31/2014,201.779999,201.820007,200.770004,201.660004,1.144%
11/3/2014,201.919998,202.449997,201.309998,201.770004,0.055%
11/4/2014,201.229996,201.600006,200.059998,201.070007,-0.347%
11/5/2014,202.539993,202.589996,201.449997,202.339996,0.632%
11/6/2014,202.389999,203.259995,201.639999,203.149994,0.400%
11/7/2014,203.169998,203.600006,202.610001,203.339996,0.094%
11/10/2014,203.380005,204.039993,203.130005,203.979996,0.315%
11/11/2014,204.059998,204.309998,203.649994,204.179993,0.098%
11/12/2014,203.350006,204.240005,203.309998,203.960007,-0.108%
11/13/2014,204.160004,204.830002,203.210007,204.190002,0.113%
11/14/2014,204.100006,204.490005,203.720001,204.240005,0.024%
11/17/2014,203.850006,204.580002,203.649994,204.369995,0.064%
11/18/2014,204.440002,205.919998,204.440002,205.550003,0.577%
11/19/2014,205.309998,205.550003,204.300003,205.220001,-0.161%
11/20/2014,204.259995,205.710007,204.179993,205.580002,0.175%
11/21/2014,207.639999,207.839996,205.979996,206.679993,0.535%
11/24/2014,207.169998,207.389999,206.910004,207.259995,0.281%
11/25/2014,207.539993,207.789993,206.800003,207.110001,-0.072%
11/26/2014,207.289993,207.759995,207.029999,207.639999,0.256%
11/28/2014,207.490005,207.869995,206.910004,207.199997,-0.212%
12/1/2014,206.399994,206.539993,205.380005,205.759995,-0.695%
12/2/2014,205.809998,207.339996,205.779999,207.089996,0.646%
12/3/2014,207.300003,208.149994,207.100006,207.889999,0.386%
12/4/2014,207.539993,208.270004,206.699997,207.660004,-0.111%
12/5/2014,207.869995,208.470001,207.550003,208,0.164%
12/8/2014,207.520004,208.119995,205.929993,206.610001,-0.668%
12/9/2014,204.369995,206.600006,203.910004,206.470001,-0.068%
12/10/2014,205.910004,205.979996,202.929993,203.160004,-1.603%
12/11/2014,203.880005,206.190002,203.710007,204.190002,0.507%
12/12/2014,202.639999,203.820007,200.850006,200.889999,-1.616%
12/15/2014,201.979996,202.529999,198.779999,199.509995,-0.687%
12/16/2014,198.580002,202.399994,197.860001,197.910004,-0.802%
12/17/2014,198.440002,202.339996,198.289993,201.789993,1.960%
12/18/2014,204.740005,212.970001,203.919998,206.779999,2.473%
12/19/2014,206.429993,207.330002,205.610001,206.520004,-0.126%
12/22/2014,206.75,207.470001,206.460007,207.470001,0.460%
12/23/2014,208.169998,208.229996,207.399994,207.75,0.135%
12/24/2014,208.020004,208.339996,207.720001,207.770004,0.010%
12/26/2014,208.309998,208.850006,208.25,208.440002,0.322%
12/29/2014,208.220001,208.970001,208.139999,208.720001,0.134%
12/30/2014,208.210007,208.369995,207.509995,207.600006,-0.537%
12/31/2014,207.990005,208.190002,205.389999,205.539993,-0.992%
1/2/2015,206.380005,206.880005,204.179993,205.429993,-0.054%
1/5/2015,204.169998,204.369995,201.350006,201.720001,-1.806%
1/6/2015,202.089996,202.720001,198.860001,199.820007,-0.942%
1/7/2015,201.419998,202.720001,200.880005,202.309998,1.246%
1/8/2015,204.009995,206.160004,203.990005,205.899994,1.775%
1/9/2015,206.399994,206.419998,203.509995,204.25,-0.801%
1/12/2015,204.410004,204.600006,201.919998,202.649994,-0.783%
1/13/2015,204.119995,205.479996,200.509995,202.080002,-0.281%
1/14/2015,199.649994,201.100006,198.570007,200.860001,-0.604%
1/15/2015,201.630005,202.009995,198.880005,199.020004,-0.916%
1/16/2015,198.770004,201.820007,198.550003,201.630005,1.311%
1/20/2015,202.399994,202.720001,200.169998,202.059998,0.213%
1/21/2015,201.5,203.660004,200.940002,203.080002,0.505%
1/22/2015,203.990005,206.259995,202.330002,206.100006,1.487%
1/23/2015,205.789993,206.100006,204.809998,204.970001,-0.548%
1/26/2015,204.710007,205.559998,203.850006,205.449997,0.234%
1/27/2015,202.970001,204.119995,201.740005,202.740005,-1.319%
1/28/2015,204.169998,204.289993,199.910004,200.139999,-1.282%
1/29/2015,200.380005,202.300003,198.679993,201.990005,0.924%
1/30/2015,200.570007,202.169998,199.130005,199.449997,-1.257%
2/2/2015,200.050003,202.029999,197.860001,201.919998,1.238%
2/3/2015,203,204.850006,202.550003,204.839996,1.446%
2/4/2015,203.919998,205.380005,203.509995,204.059998,-0.381%
2/5/2015,204.860001,206.300003,204.770004,206.119995,1.010%
2/6/2015,206.559998,207.240005,204.919998,205.550003,-0.277%
2/9/2015,204.770004,205.639999,204.139999,204.630005,-0.448%
2/10/2015,205.880005,207.119995,204.679993,206.809998,1.065%
2/11/2015,206.610001,207.449997,205.830002,206.929993,0.058%
2/12/2015,207.889999,208.990005,206.970001,208.919998,0.962%
2/13/2015,209.070007,209.839996,208.759995,209.779999,0.412%
2/17/2015,209.399994,210.320007,209.100006,210.110001,0.157%
2/18/2015,209.660004,210.220001,209.339996,210.130005,0.010%
2/19/2015,209.410004,210.419998,209.240005,209.979996,-0.071%
2/20/2015,209.479996,211.330002,208.729996,211.240005,0.600%
2/23/2015,210.940002,211.210007,210.479996,211.210007,-0.014%
2/24/2015,211.119995,212.050003,210.759995,211.809998,0.284%
2/25/2015,211.660004,212.240005,211.220001,211.630005,-0.085%
2/26/2015,211.520004,211.710007,210.649994,211.380005,-0.118%
2/27/2015,211.259995,211.580002,210.600006,210.660004,-0.341%
3/2/2015,210.779999,212.059998,210.720001,211.990005,0.631%
3/3/2015,211.470001,212.050003,210.080002,211.119995,-0.410%
3/4/2015,210.399994,210.490005,209.059998,210.229996,-0.422%
3/5/2015,209.419998,210.800003,209.850006,210.460007,0.109%
3/6/2015,210.460007,210.460007,207.100006,207.5,-1.406%
3/9/2015,207.740005,208.789993,207.550003,208.360001,0.414%
3/10/2015,206.710007,206.809998,204.929993,204.979996,-1.622%
3/11/2015,205.289993,205.5,204.399994,204.5,-0.234%
3/12/2015,205.259995,207.179993,205.199997,207.100006,1.271%
3/13/2015,206.770004,207.929993,204.580002,205.830002,-0.613%
3/16/2015,206.710007,208.690002,205.860001,208.580002,1.336%
3/17/2015,207.690002,208.419998,206.979996,207.960007,-0.297%
3/18/2015,207.389999,211.270004,206.619995,210.460007,1.202%
3/19/2015,209.960007,210.470001,209.029999,209.5,-0.456%
3/20/2015,209.710007,211.020004,209.490005,210.410004,0.434%
3/23/2015,210.419998,211.110001,210,210,-0.195%
3/24/2015,209.850006,210.399994,208.740005,208.820007,-0.562%
3/25/2015,209.070007,209.350006,205.710007,205.759995,-1.465%
3/26/2015,204.960007,206.369995,204.119995,205.270004,-0.238%
3/27/2015,205.130005,205.949997,204.899994,205.740005,0.229%
3/30/2015,205.740005,208.610001,206.960007,208.25,1.220%
3/31/2015,207.259995,208.100006,206.360001,206.429993,-0.874%
4/1/2015,206.429993,206.429993,204.509995,205.699997,-0.354%
4/2/2015,205.619995,206.979996,205.399994,206.440002,0.360%
4/6/2015,206.440002,208.449997,205.210007,207.830002,0.673%
4/7/2015,207.860001,208.759995,207.240005,207.279999,-0.265%
4/8/2015,207.550003,208.509995,207.080002,207.979996,0.338%
4/9/2015,207.779999,209.179993,207.190002,208.899994,0.442%
4/10/2015,209.199997,210.089996,208.960007,210.039993,0.546%
4/13/2015,209.869995,210.630005,209.029999,209.089996,-0.452%
4/14/2015,208.850006,209.710007,208.100006,209.490005,0.191%
4/15/2015,210.050003,211.039993,209.949997,210.429993,0.449%
4/16/2015,210.029999,210.979996,209.789993,210.369995,-0.029%
4/17/2015,208.940002,209.229996,207.009995,207.949997,-1.150%
4/20/2015,209.059998,210.25,208.960007,209.850006,0.914%
4/21/2015,210.669998,210.860001,209.240005,209.600006,-0.119%
4/22/2015,210.009995,210.850006,208.899994,210.630005,0.491%
4/23/2015,210.149994,211.940002,210.009995,211.160004,0.252%
4/24/2015,211.660004,211.970001,211.110001,211.649994,0.232%
4/27/2015,212.330002,212.479996,210.539993,210.770004,-0.416%
4/28/2015,210.740005,211.5,209.330002,211.440002,0.318%
4/29/2015,211.440002,211.440002,209.600006,210.570007,-0.411%
4/30/2015,209.880005,210.350006,207.619995,208.460007,-1.002%
5/1/2015,209.399994,210.770004,209.279999,210.720001,1.084%
5/4/2015,211.229996,212.020004,211.100006,211.320007,0.285%
5/5/2015,211.029999,211.460007,208.729996,208.899994,-1.145%
5/6/2015,209.559998,209.929993,206.759995,208.039993,-0.412%
5/7/2015,207.919998,209.380005,207.520004,208.869995,0.399%
5/8/2015,210.880005,211.860001,210.779999,211.619995,1.317%
5/11/2015,211.570007,211.889999,210.520004,210.610001,-0.477%
5/12/2015,209.610001,210.630005,208.619995,209.979996,-0.299%
5/13/2015,210.470001,211.220001,209.740005,210.020004,0.019%
5/14/2015,211.240005,212.320007,210.910004,212.210007,1.043%
5/15/2015,212.440002,212.610001,211.860001,212.440002,0.108%
5/18/2015,212.240005,213.399994,212.160004,213.100006,0.311%
5/19/2015,213.240005,213.570007,212.690002,213.029999,-0.033%
5/20/2015,213.149994,213.779999,212.5,212.880005,-0.070%
5/21/2015,212.710007,213.75,212.509995,213.5,0.291%
5/22/2015,213.039993,213.539993,212.910004,212.990005,-0.239%
5/26/2015,212.399994,212.910004,210.199997,210.699997,-1.075%
5/27/2015,211.25,212.979996,210.759995,212.699997,0.949%
5/28/2015,212.330002,212.589996,211.630005,212.460007,-0.113%
5/29/2015,212.380005,212.429993,210.820007,211.139999,-0.621%
6/1/2015,211.940002,212.339996,210.619995,211.570007,0.204%
6/2/2015,211.020004,212.190002,210.270004,211.360001,-0.099%
6/3/2015,212,212.669998,211.330002,211.919998,0.265%
6/4/2015,211.070007,211.860001,209.75,210.130005,-0.845%
6/5/2015,209.949997,210.580002,208.979996,209.770004,-0.171%
6/8/2015,209.639999,209.820007,208.389999,208.419998,-0.644%
6/9/2015,208.449997,209.100006,207.690002,208.449997,0.014%
6/10/2015,209.369995,211.410004,209.300003,210.960007,1.204%
6/11/2015,211.479996,212.089996,211.199997,211.649994,0.327%
6/12/2015,210.639999,211.479996,209.679993,209.929993,-0.813%
6/15/2015,208.639999,209.449997,207.789993,209.100006,-0.395%
6/16/2015,208.929993,210.350006,208.720001,210.25,0.550%
6/17/2015,210.589996,211.320007,209.360001,210.589996,0.162%
6/18/2015,211.309998,213.339996,210.630005,212.710007,1.007%
6/19/2015,211.460007,211.550003,210.360001,210.809998,-0.893%
6/22/2015,211.910004,212.589996,211.639999,211.889999,0.512%
6/23/2015,212.139999,212.440002,211.570007,212.050003,0.076%
6/24/2015,211.720001,212.169998,210.470001,210.509995,-0.726%
6/25/2015,211.100006,211.25,209.770004,209.830002,-0.323%
6/26/2015,210.289993,210.580002,209.160004,209.899994,0.033%
6/29/2015,208.050003,209.830002,205.330002,205.470001,-2.111%
6/30/2015,207.259995,207.320007,205.279999,205.889999,0.204%
7/1/2015,207.729996,208.029999,206.559998,207.570007,0.816%
7/2/2015,208.070007,208.270004,206.809998,207.320007,-0.120%
7/6/2015,205.770004,207.649994,205.529999,206.669998,-0.314%
7/7/2015,206.960007,208.169998,204.110001,208.009995,0.648%
7/8/2015,206.419998,206.759995,204.25,204.529999,-1.673%
7/9/2015,207.039993,207.350006,204.770004,204.800003,0.132%
7/10/2015,207.289993,207.979996,204.949997,207.479996,1.309%
7/13/2015,208.990005,209.899994,208.940002,209.759995,1.099%
7/14/2015,209.720001,211.050003,209.649994,210.720001,0.458%
7/15/2015,210.729996,211.279999,210.039993,210.630005,-0.043%
7/16/2015,211.869995,212.300003,211.580002,212.270004,0.779%
7/17/2015,212.289993,212.550003,211.800003,212.470001,0.094%
7/20/2015,212.75,213.179993,212.210007,212.619995,0.071%
7/21/2015,212.429993,212.740005,211.389999,211.759995,-0.404%
7/22/2015,210.929993,211.770004,210.889999,211.289993,-0.222%
7/23/2015,211.529999,211.649994,209.75,210.139999,-0.544%
7/24/2015,210.300003,210.369995,207.600006,207.940002,-1.047%
7/27/2015,208,208,206.259995,206.740005,-0.577%
7/28/2015,207.789993,209.5,206.800003,209.309998,1.243%
7/29/2015,209.479996,211.039993,209.309998,210.770004,0.698%
7/30/2015,210.160004,211.020004,209.419998,210.820007,0.024%
7/31/2015,211.419998,211.449997,210.160004,210.449997,-0.176%
8/3/2015,210.460007,210.529999,208.649994,209.729996,-0.342%
8/4/2015,209.699997,210.25,208.800003,209.320007,-0.195%
8/5/2015,210.449997,211.309998,209.729996,210.100006,0.373%
8/6/2015,210.289993,210.419998,207.649994,208.350006,-0.833%
8/7/2015,208.160004,208.339996,206.869995,207.919998,-0.206%
8/10/2015,209.279999,210.669998,209.279999,210.630005,1.303%
8/11/2015,208.970001,209.470001,207.759995,208.660004,-0.935%
8/12/2015,207.110001,209.139999,205.360001,208.919998,0.125%
8/13/2015,208.729996,209.550003,208.009995,208.699997,-0.105%
8/14/2015,208.429993,209.509995,208.259995,209.360001,0.316%
8/17/2015,208.710007,210.589996,208.160004,210.559998,0.573%
8/18/2015,210.259995,210.679993,209.699997,209.929993,-0.299%
8/19/2015,209.089996,210.009995,207.350006,208.279999,-0.786%
8/20/2015,206.509995,208.289993,203.899994,204.009995,-2.050%
8/21/2015,201.729996,203.940002,197.520004,197.630005,-3.127%
8/24/2015,197.630005,197.630005,182.399994,189.550003,-4.088%
8/25/2015,195.429993,195.449997,186.919998,187.229996,-1.224%
8/26/2015,192.080002,194.789993,188.369995,194.679993,3.979%
8/27/2015,197.020004,199.419998,195.210007,199.160004,2.301%
8/28/2015,198.5,199.839996,197.919998,199.240005,0.040%
8/31/2015,198.110001,199.130005,197.009995,197.539993,-0.853%
9/1/2015,193.119995,194.770004,190.729996,191.770004,-2.921%
9/2/2015,194.619995,195.460007,192.419998,195.410004,1.898%
9/3/2015,196.259995,198.050003,194.960007,195.649994,0.123%
9/4/2015,192.850006,193.860001,191.610001,192.589996,-1.564%
9/8/2015,195.940002,197.610001,195.169998,197.460007,2.529%
9/9/2015,199.320007,199.470001,194.350006,194.759995,-1.367%
9/10/2015,194.559998,197.220001,194.25,195.850006,0.560%
9/11/2015,195.380005,196.820007,194.529999,196.740005,0.454%
9/14/2015,196.949997,197.009995,195.429993,195.979996,-0.386%
9/15/2015,196.610001,198.990005,195.960007,198.449997,1.260%
9/16/2015,198.820007,200.410004,198.410004,200.139999,0.852%
9/17/2015,200.020004,202.889999,199.279999,199.699997,-0.220%
9/18/2015,195.710007,198.679993,194.960007,195.360001,-2.173%
9/21/2015,196.440002,197.679993,195.210007,196.440002,0.553%
9/22/2015,193.880005,194.460007,192.559998,193.899994,-1.293%
9/23/2015,194.110001,194.669998,192.910004,193.600006,-0.155%
9/24/2015,192.149994,193.449997,190.559998,192.929993,-0.346%
9/25/2015,194.639999,195,191.809998,192.869995,-0.031%
9/28/2015,191.779999,191.910004,187.639999,187.910004,-2.572%
9/29/2015,188.270004,189.740005,186.929993,188.080002,0.090%
9/30/2015,190.369995,191.830002,189.440002,191.589996,1.866%
10/1/2015,192.080002,192.490005,189.820007,192.130005,0.282%
10/2/2015,189.770004,195.029999,189.119995,195,1.494%
10/5/2015,196.460007,198.740005,196.330002,198.470001,1.779%
10/6/2015,198.309998,198.979996,197,197.789993,-0.343%
10/7/2015,198.899994,199.830002,197.479996,199.410004,0.819%
10/8/2015,198.949997,201.550003,198.589996,201.210007,0.903%
10/9/2015,201.380005,201.899994,200.580002,201.330002,0.060%
10/12/2015,201.419998,201.759995,200.910004,201.520004,0.094%
10/13/2015,200.649994,202.160004,200.050003,200.25,-0.630%
10/14/2015,200.179993,200.869995,198.940002,199.289993,-0.479%
10/15/2015,200.080002,202.360001,199.639999,202.350006,1.535%
10/16/2015,202.830002,203.289993,201.919998,203.270004,0.455%
10/19/2015,202.5,203.369995,202.130005,203.369995,0.049%
10/20/2015,202.850006,203.839996,202.550003,203.110001,-0.128%
10/21/2015,203.610001,203.789993,201.649994,201.850006,-0.620%
10/22/2015,202.979996,205.509995,201.850006,205.210007,1.665%
10/23/2015,207.25,207.949997,206.300003,207.520004,1.126%
10/26/2015,207.300003,207.369995,206.559998,206.990005,-0.255%
10/27/2015,206.199997,207,205.789993,206.570007,-0.203%
10/28/2015,207,208.979996,206.210007,208.940002,1.147%
10/29/2015,208.350006,209.270004,208.210007,208.889999,-0.024%
10/30/2015,209.059998,209.440002,207.740005,207.929993,-0.460%
11/2/2015,208.320007,210.619995,208.169998,210.389999,1.183%
11/3/2015,209.970001,211.660004,209.699997,211,0.290%
11/4/2015,211.350006,211.5,209.720001,210.380005,-0.294%
11/5/2015,210.429993,210.979996,209.089996,210.149994,-0.109%
11/6/2015,209.740005,210.320007,208.460007,210.039993,-0.052%
11/9/2015,209.309998,209.490005,206.949997,208.080002,-0.933%
11/10/2015,207.509995,208.600006,207.190002,208.559998,0.231%
11/11/2015,208.880005,208.940002,207.660004,207.740005,-0.393%
11/12/2015,206.5,207.059998,204.820007,204.839996,-1.396%
11/13/2015,204.350006,204.669998,202.440002,202.539993,-1.123%
11/16/2015,202.320007,205.690002,202.179993,205.619995,1.521%
11/17/2015,205.990005,207.039993,204.880005,205.470001,-0.073%
11/18/2015,206.039993,208.899994,205.990005,208.729996,1.587%
11/19/2015,208.589996,209.050003,208.199997,208.550003,-0.086%
11/20/2015,209.449997,210.119995,208.860001,209.309998,0.364%
11/23/2015,209.380005,209.979996,208.520004,209.070007,-0.115%
11/24/2015,207.869995,209.830002,207.410004,209.350006,0.134%
11/25/2015,209.5,209.740005,209.009995,209.320007,-0.014%
11/27/2015,209.429993,209.800003,208.860001,209.559998,0.115%
11/30/2015,209.75,209.889999,208.559998,208.690002,-0.415%
12/1/2015,209.440002,210.820007,209.110001,210.679993,0.954%
12/2/2015,210.619995,211,208.229996,208.529999,-1.021%
12/3/2015,208.830002,209.149994,204.75,205.610001,-1.400%
12/4/2015,205.610001,209.970001,205.610001,209.619995,1.950%
12/7/2015,209.229996,209.729996,207.199997,208.350006,-0.606%
12/8/2015,206.490005,208.289993,205.779999,206.949997,-0.672%
12/9/2015,206.190002,208.679993,204.179993,205.339996,-0.778%
12/10/2015,205.419998,207.429993,205.139999,205.869995,0.258%
12/11/2015,203.350006,204.139999,201.509995,201.880005,-1.938%
12/14/2015,202.070007,203.050003,199.949997,202.899994,0.505%
12/15/2015,204.699997,206.110001,202.869995,205.029999,1.050%
12/16/2015,206.369995,208.389999,204.800003,208.029999,1.463%
12/17/2015,208.399994,208.479996,204.839996,204.860001,-1.524%
12/18/2015,202.770004,202.929993,199.830002,200.020004,-2.363%
12/21/2015,201.410004,201.880005,200.089996,201.669998,0.825%
12/22/2015,202.720001,203.850006,201.550003,203.5,0.907%
12/23/2015,204.690002,206.070007,204.580002,206.020004,1.238%
12/24/2015,205.720001,206.330002,205.419998,205.679993,-0.165%
12/28/2015,204.860001,205.259995,203.940002,205.210007,-0.229%
12/29/2015,206.509995,207.789993,206.470001,207.399994,1.067%
12/30/2015,207.110001,207.210007,205.759995,205.929993,-0.709%
12/31/2015,205.130005,205.889999,203.869995,203.869995,-1.000%
1/4/2016,200.490005,201.029999,198.589996,201.020004,-1.398%
1/5/2016,201.399994,201.899994,200.050003,201.360001,0.169%
1/6/2016,198.339996,200.059998,197.600006,198.820007,-1.261%
1/7/2016,195.330002,197.440002,193.589996,194.050003,-2.399%
1/8/2016,195.190002,195.850006,191.580002,191.919998,-1.098%
1/11/2016,193.009995,193.410004,189.820007,192.110001,0.099%
1/12/2016,193.820007,194.550003,191.139999,193.660004,0.807%
1/13/2016,194.449997,194.860001,188.380005,188.830002,-2.494%
1/14/2016,189.550003,193.259995,187.660004,191.929993,1.642%
1/15/2016,186.770004,188.759995,185.520004,187.809998,-2.147%
1/19/2016,189.960007,190.110001,186.199997,188.059998,0.133%
1/20/2016,185.029999,187.5,181.020004,185.649994,-1.282%
1/21/2016,186.210007,188.869995,184.639999,186.690002,0.560%
1/22/2016,189.779999,190.759995,188.880005,190.520004,2.052%
1/25/2016,189.919998,190.149994,187.410004,187.639999,-1.512%
1/26/2016,188.419998,190.529999,188.020004,190.199997,1.364%
1/27/2016,189.580002,191.559998,187.059998,188.130005,-1.088%
1/28/2016,189.960007,190.199997,187.160004,189.110001,0.521%
1/29/2016,190.020004,193.880005,189.880005,193.720001,2.438%
2/1/2016,192.529999,194.580002,191.839996,193.649994,-0.036%
2/2/2016,191.960007,191.970001,189.539993,190.160004,-1.802%
2/3/2016,191.410004,191.779999,187.100006,191.300003,0.599%
2/4/2016,190.710007,192.75,189.960007,191.600006,0.157%
2/5/2016,190.990005,191.669998,187.199997,187.949997,-1.905%
2/8/2016,185.770004,186.119995,182.800003,185.419998,-1.346%
2/9/2016,183.360001,186.940002,183.199997,185.429993,0.005%
2/10/2016,186.410004,188.339996,185.119995,185.270004,-0.086%
2/11/2016,182.339996,184.100006,181.089996,182.860001,-1.301%
2/12/2016,184.960007,186.649994,183.960007,186.630005,2.062%
2/16/2016,188.770004,189.809998,187.630005,189.779999,1.688%
2/17/2016,191.160004,193.320007,191.009995,192.880005,1.633%
2/18/2016,193.199997,193.270004,191.720001,192.089996,-0.410%
2/19/2016,191.169998,192.179993,190.449997,192,-0.047%
2/22/2016,193.869995,194.949997,193.789993,194.779999,1.448%
2/23/2016,194,194.320007,192.179993,192.320007,-1.263%
2/24/2016,190.630005,193.529999,189.320007,193.199997,0.458%
2/25/2016,193.729996,195.550003,192.830002,195.539993,1.211%
2/26/2016,196.570007,196.679993,194.899994,195.089996,-0.230%
2/29/2016,195.110001,196.229996,193.330002,193.559998,-0.784%
3/1/2016,195.009995,198.210007,194.449997,198.110001,2.351%
3/2/2016,197.740005,199.059998,197.25,199,0.449%
3/3/2016,198.789993,199.800003,198.110001,199.779999,0.392%
3/4/2016,200.009995,201.350006,199.029999,200.429993,0.325%
3/7/2016,199.339996,201.070007,199.25,200.589996,0.080%
3/8/2016,199.320007,199.919998,198.210007,198.399994,-1.092%
3/9/2016,199.360001,199.789993,198.429993,199.380005,0.494%
3/10/2016,199.960007,201.070007,197.380005,199.539993,0.080%
3/11/2016,201.259995,202.809998,199.520004,202.759995,1.614%
3/14/2016,202.160004,203.039993,201.770004,202.5,-0.128%
3/15/2016,201.360001,202.529999,201.050003,202.169998,-0.163%
3/16/2016,201.600006,203.820007,201.550003,203.339996,0.579%
3/17/2016,203.240005,205.229996,202.770004,204.630005,0.634%
3/18/2016,204.169998,204.779999,203.800003,204.380005,-0.122%
3/21/2016,204.070007,204.940002,203.800003,204.669998,0.142%
3/22/2016,203.759995,205.229996,203.570007,204.559998,-0.054%
3/23/2016,204.110001,204.330002,203.009995,203.210007,-0.660%
3/24/2016,202,203.160004,201.740005,203.119995,-0.044%
3/28/2016,203.610001,203.860001,202.710007,203.240005,0.059%
3/29/2016,202.759995,205.25,202.399994,205.119995,0.925%
3/30/2016,206.300003,206.869995,205.589996,206.020004,0.439%
3/31/2016,205.910004,206.410004,205.330002,205.520004,-0.243%
4/1/2016,204.350006,207.139999,203.979996,206.919998,0.681%
4/4/2016,206.830002,207.070007,205.889999,206.25,-0.324%
4/5/2016,204.669998,206.259995,203.889999,204.190002,-0.999%
4/6/2016,204.190002,206.490005,203.979996,206.419998,1.092%
4/7/2016,205.139999,205.559998,203.089996,203.949997,-1.197%
4/8/2016,205.339996,205.850006,203.869995,204.5,0.270%
4/11/2016,205.25,206.070007,203.910004,204.020004,-0.235%
4/12/2016,204.220001,206.25,203.699997,205.919998,0.931%
4/13/2016,207,208.100006,206.839996,208,1.010%
4/14/2016,208.070007,208.600006,207.600006,208.009995,0.005%
4/15/2016,208.009995,208.169998,207.399994,207.779999,-0.111%
4/18/2016,207.779999,209.279999,207,209.240005,0.703%
4/19/2016,209.740005,210.199997,208.940002,209.899994,0.315%
4/20/2016,209.949997,210.919998,209.389999,210.100006,0.095%
4/21/2016,210.119995,210.25,208.649994,208.970001,-0.538%
4/22/2016,208.550003,209.289993,207.910004,208.970001,0.000%
4/25/2016,208.259995,208.660004,207.539993,208.610001,-0.172%
4/26/2016,209.039993,209.520004,208.360001,208.919998,0.149%
4/27/2016,208.470001,209.809998,208.050003,209.350006,0.206%
4/28/2016,208.460007,209.759995,206.960007,207.449997,-0.908%
4/29/2016,206.720001,207.130005,205.029999,206.330002,-0.540%
5/2/2016,206.919998,208.179993,206.410004,207.970001,0.795%
5/3/2016,206.520004,206.800003,205.279999,206.160004,-0.870%
5/4/2016,204.990005,205.850006,204.419998,205.009995,-0.558%
5/5/2016,205.559998,205.979996,204.470001,204.970001,-0.020%
5/6/2016,204.059998,205.770004,203.880005,205.720001,0.366%
5/9/2016,205.570007,206.399994,205.360001,205.889999,0.083%
5/10/2016,206.720001,208.470001,206.639999,208.449997,1.243%
5/11/2016,207.910004,208.539993,206.5,206.5,-0.935%
5/12/2016,207.289993,207.490005,205.369995,206.559998,0.029%
5/13/2016,206.210007,206.860001,204.380005,204.759995,-0.871%
5/16/2016,204.960007,207.339996,204.889999,206.779999,0.987%
5/17/2016,206.460007,206.800003,204.229996,204.850006,-0.933%
5/18/2016,204.440002,206.300003,203.630005,204.910004,0.029%
5/19/2016,204.059998,204.539993,202.779999,204.199997,-0.346%
5/20/2016,204.919998,206.100006,204.860001,205.490005,0.632%
5/23/2016,205.509995,205.839996,204.990005,205.210007,-0.136%
5/24/2016,206.169998,208.240005,206.139999,207.869995,1.296%
5/25/2016,208.669998,209.770004,207.869995,209.279999,0.678%
5/26/2016,209.440002,209.710007,208.970001,209.339996,0.029%
5/27/2016,209.529999,210.25,209.470001,210.240005,0.430%
5/31/2016,210.559998,210.690002,209.179993,209.839996,-0.190%
6/1/2016,209.119995,210.479996,208.889999,210.270004,0.205%
6/2/2016,209.800003,210.929993,209.240005,210.910004,0.304%
6/3/2016,210.25,210.690002,208.860001,210.279999,-0.299%
6/6/2016,210.699997,211.770004,210.509995,211.350006,0.509%
6/7/2016,211.529999,212.339996,211.5,211.679993,0.156%
6/8/2016,211.839996,212.520004,211.690002,212.369995,0.326%
6/9/2016,211.509995,212.220001,211.190002,212.080002,-0.137%
6/10/2016,210.460007,210.860001,209.429993,210.070007,-0.948%
6/13/2016,209.360001,210.369995,208.350006,208.449997,-0.771%
6/14/2016,208,208.740005,206.919998,208.039993,-0.197%
6/15/2016,208.039993,209.360001,207.529999,207.75,-0.139%
6/16/2016,207.75,208.570007,205.589996,208.369995,0.298%
6/17/2016,207.169998,207.199997,205.75,206.520004,-0.888%
6/20/2016,208.820007,209.610001,207.75,207.850006,0.644%
6/21/2016,208.300003,208.919998,207.779999,208.440002,0.284%
6/22/2016,208.649994,209.5,207.929993,208.100006,-0.163%
6/23/2016,209.809998,210.869995,209.270004,210.809998,1.302%
6/24/2016,203.630005,210.850006,202.720001,203.240005,-3.591%
6/27/2016,201.589996,201.600006,198.649994,199.600006,-1.791%
6/28/2016,201.479996,203.229996,201.119995,203.199997,1.804%
6/29/2016,204.839996,206.929993,204.720001,206.660004,1.703%
6/30/2016,207.210007,209.539993,206.559998,209.479996,1.365%
7/1/2016,209.479996,210.490005,209.289993,209.919998,0.210%
7/5/2016,208.949997,209.080002,207.710007,208.410004,-0.719%
7/6/2016,207.830002,209.800003,207.059998,209.660004,0.600%
7/7/2016,209.869995,210.649994,208.630005,209.529999,-0.062%
7/8/2016,211.050003,212.940002,210.779999,212.649994,1.489%
7/11/2016,213.190002,214.070007,212.949997,213.399994,0.353%
7/12/2016,214.529999,215.300003,213.429993,214.949997,0.726%
7/13/2016,215.440002,215.449997,214.350006,214.919998,-0.014%
7/14/2016,216.399994,216.669998,215.660004,216.119995,0.558%
7/15/2016,216.779999,217.009995,215.309998,215.830002,-0.134%
7/18/2016,215.970001,216.600006,215.669998,216.410004,0.269%
7/19/2016,215.919998,216.229996,215.630005,216.190002,-0.102%
7/20/2016,216.190002,217.369995,216.190002,217.089996,0.416%
7/21/2016,216.960007,217.220001,215.75,216.270004,-0.378%
7/22/2016,216.410004,217.300003,216.100006,217.240005,0.449%
7/25/2016,217,217.059998,215.970001,216.649994,-0.272%
7/26/2016,216.529999,217.169998,215.759995,216.75,0.046%
7/27/2016,217.190002,217.270004,215.619995,216.520004,-0.106%
7/28/2016,216.289993,217.110001,215.75,216.770004,0.115%
7/29/2016,216.460007,217.539993,216.130005,217.119995,0.161%
8/1/2016,217.190002,217.649994,216.410004,216.940002,-0.083%
8/2/2016,216.649994,216.830002,214.570007,215.550003,-0.641%
8/3/2016,215.479996,216.25,215.130005,216.179993,0.292%
8/4/2016,216.309998,216.779999,214.25,216.410004,0.106%
8/5/2016,216.410004,218.229996,216.410004,218.179993,0.818%
8/8/2016,218.399994,218.520004,217.740005,218.050003,-0.060%
8/9/2016,218.130005,218.759995,217.800003,218.179993,0.060%
8/10/2016,218.309998,218.399994,217.229996,217.639999,-0.247%
8/11/2016,218.259995,218.940002,217.949997,218.649994,0.464%
8/12/2016,218.289993,218.710007,217.990005,218.460007,-0.087%
8/15/2016,218.889999,219.5,218.880005,219.089996,0.288%
8/16/2016,218.600006,218.679993,217.960007,217.960007,-0.516%
8/17/2016,218,218.529999,217.020004,218.369995,0.188%
8/18/2016,218.339996,218.899994,218.210007,218.860001,0.224%
8/19/2016,218.309998,218.75,217.740005,218.539993,-0.146%
8/22/2016,218.259995,218.800003,217.830002,218.529999,-0.005%
8/23/2016,219.25,219.600006,218.899994,218.970001,0.201%
8/24/2016,218.800003,218.910004,217.360001,217.850006,-0.511%
8/25/2016,217.399994,218.190002,217.220001,217.699997,-0.069%
8/26/2016,217.919998,219.119995,216.25,217.289993,-0.188%
8/29/2016,217.440002,218.669998,217.399994,218.360001,0.492%
8/30/2016,218.259995,218.589996,217.350006,218,-0.165%
8/31/2016,217.610001,217.75,216.470001,217.380005,-0.284%
9/1/2016,217.369995,217.729996,216.029999,217.389999,0.005%
9/2/2016,218.389999,218.869995,217.699997,218.369995,0.451%
9/6/2016,218.699997,219.119995,217.860001,219.029999,0.302%
9/7/2016,218.839996,219.220001,218.300003,219.009995,-0.009%
9/8/2016,218.619995,218.940002,218.149994,218.509995,-0.228%
9/9/2016,216.970001,217.029999,213.25,213.279999,-2.393%
9/12/2016,212.389999,216.809998,212.309998,216.339996,1.435%
9/13/2016,214.839996,215.149994,212.5,213.229996,-1.438%
9/14/2016,213.289993,214.699997,212.5,213.149994,-0.038%
9/15/2016,212.960007,215.729996,212.75,215.279999,0.999%
9/16/2016,213.479996,213.690002,212.570007,213.369995,-0.887%
9/19/2016,214.130005,214.880005,213.029999,213.410004,0.019%
9/20/2016,214.410004,214.589996,213.380005,213.419998,0.005%
9/21/2016,214.240005,216.029999,213.440002,215.820007,1.125%
9/22/2016,217,217.529999,216.710007,217.179993,0.630%
9/23/2016,216.720001,216.880005,215.880005,215.990005,-0.548%
9/26/2016,215.020004,215.229996,214.009995,214.240005,-0.810%
9/27/2016,214.050003,215.679993,213.619995,215.570007,0.621%
9/28/2016,215.830002,216.820007,214.710007,216.639999,0.496%
9/29/2016,216.399994,216.869995,214.039993,214.679993,-0.905%
9/30/2016,215.649994,217.119995,215.360001,216.300003,0.755%
10/3/2016,215.820007,216.039993,215.039993,215.779999,-0.240%
10/4/2016,215.910004,216.169998,213.990005,214.679993,-0.510%
10/5/2016,215.410004,216.130005,215.330002,215.630005,0.443%
10/6/2016,215.369995,216.039993,214.740005,215.779999,0.070%
10/7/2016,216.100006,216.300003,214.190002,215.039993,-0.343%
10/10/2016,216.160004,216.699997,215.990005,216.160004,0.521%
10/11/2016,215.660004,215.740005,212.580002,213.429993,-1.263%
10/12/2016,213.589996,214.320007,213.009995,213.710007,0.131%
10/13/2016,212.160004,213.589996,211.210007,213.009995,-0.328%
10/14/2016,214.149994,214.690002,213.029999,213.119995,0.052%
10/17/2016,213.089996,213.389999,212.169998,212.380005,-0.347%
10/18/2016,214.240005,214.309998,213.270004,213.710007,0.626%
10/19/2016,214.020004,214.639999,213.600006,214.279999,0.267%
10/20/2016,213.869995,214.529999,213.110001,213.880005,-0.187%
10/21/2016,213.880005,214.080002,212.759995,213.979996,0.047%
10/24/2016,215,215.320007,214.479996,214.889999,0.425%
10/25/2016,214.679993,214.979996,213.979996,214.169998,-0.335%
10/26/2016,213.210007,214.419998,212.929993,213.740005,-0.201%
10/27/2016,214.580002,214.619995,213.080002,213.169998,-0.267%
10/28/2016,213.139999,213.929993,211.710007,212.539993,-0.296%
10/31/2016,212.929993,213.190002,212.360001,212.550003,0.005%
11/1/2016,212.929993,212.990005,209.600006,211.009995,-0.725%
11/2/2016,210.649994,211.100006,209.229996,209.740005,-0.602%
11/3/2016,209.990005,210.240005,208.460007,208.779999,-0.458%
11/4/2016,208.910004,209.889999,208.380005,208.550003,-0.110%
11/7/2016,208.550003,213.190002,208.550003,213.149994,2.206%
11/8/2016,212.690002,214.770004,212.380005,214.110001,0.450%
11/9/2016,212.369995,217.100006,212.339996,216.380005,1.060%
11/10/2016,217.300003,218.309998,215.220001,216.919998,0.250%
11/11/2016,216.080002,216.699997,215.320007,216.419998,-0.230%
11/14/2016,217.029999,217.270004,215.720001,216.589996,0.079%
11/15/2016,217.039993,218.279999,216.800003,218.279999,0.780%
11/16/2016,217.559998,218.139999,217.419998,217.869995,-0.188%
11/17/2016,218.050003,219.059998,217.919998,218.990005,0.514%
11/18/2016,219.070007,219.270004,218.289993,218.5,-0.224%
11/21/2016,219.169998,220.179993,219,220.149994,0.755%
11/22/2016,220.509995,220.789993,219.729996,220.580002,0.195%
11/23/2016,219.979996,220.759995,219.75,220.699997,0.054%
11/25/2016,221.100006,221.559998,221.009995,221.520004,0.372%
11/28/2016,221.160004,221.479996,220.360001,220.479996,-0.469%
11/29/2016,220.520004,221.440002,220.169998,220.910004,0.195%
11/30/2016,221.630005,221.820007,220.309998,220.380005,-0.240%
12/1/2016,220.729996,220.729996,219.149994,219.570007,-0.368%
12/2/2016,219.669998,220.25,219.259995,219.679993,0.050%
12/5/2016,220.649994,221.399994,220.419998,221,0.601%
12/6/2016,221.220001,221.740005,220.660004,221.699997,0.317%
12/7/2016,221.520004,224.669998,221.380005,224.600006,1.308%
12/8/2016,224.570007,225.699997,224.259995,225.149994,0.245%
12/9/2016,225.410004,226.529999,225.369995,226.509995,0.604%
12/12/2016,226.399994,226.960007,225.759995,226.25,-0.115%
12/13/2016,227.020004,228.339996,227,227.759995,0.667%
12/14/2016,227.410004,228.229996,225.369995,225.880005,-0.825%
12/15/2016,226.160004,227.809998,225.889999,226.809998,0.412%
12/16/2016,226.009995,226.080002,224.669998,225.039993,-0.780%
12/19/2016,225.25,226.020004,225.080002,225.529999,0.218%
12/20/2016,226.149994,226.570007,225.880005,226.399994,0.386%
12/21/2016,226.25,226.449997,225.770004,225.770004,-0.278%
12/22/2016,225.600006,225.740005,224.919998,225.380005,-0.173%
12/23/2016,225.429993,225.720001,225.210007,225.710007,0.146%
12/27/2016,226.020004,226.729996,226,226.270004,0.248%
12/28/2016,226.570007,226.589996,224.270004,224.399994,-0.826%
12/29/2016,224.479996,224.889999,223.839996,224.350006,-0.022%
12/30/2016,224.729996,224.830002,222.729996,223.529999,-0.366%
1/3/2017,225.039993,225.830002,223.880005,225.240005,0.765%
1/4/2017,225.619995,226.75,225.610001,226.580002,0.595%
1/5/2017,226.270004,226.580002,225.479996,226.399994,-0.079%
1/6/2017,226.529999,227.75,225.899994,227.210007,0.358%
1/9/2017,226.910004,227.070007,226.419998,226.460007,-0.330%
1/10/2017,226.479996,227.449997,226.009995,226.460007,0.000%
1/11/2017,226.360001,227.100006,225.589996,227.100006,0.283%
1/12/2017,226.5,226.75,224.960007,226.529999,-0.251%
1/13/2017,226.729996,227.399994,226.690002,227.050003,0.230%
1/17/2017,226.309998,226.779999,225.800003,226.25,-0.352%
1/18/2017,226.539993,226.800003,225.899994,226.75,0.221%
1/19/2017,226.839996,227,225.410004,225.910004,-0.370%
1/20/2017,226.699997,227.309998,225.970001,226.740005,0.367%
1/23/2017,226.740005,226.809998,225.270004,226.149994,-0.260%
1/24/2017,226.399994,228.080002,226.270004,227.600006,0.641%
1/25/2017,228.699997,229.570007,228.509995,229.570007,0.866%
1/26/2017,229.399994,229.710007,229.009995,229.330002,-0.105%
1/27/2017,229.419998,229.589996,228.759995,228.970001,-0.157%
1/30/2017,228.169998,228.199997,226.410004,227.550003,-0.620%
1/31/2017,226.979996,227.600006,226.320007,227.529999,-0.009%
2/1/2017,227.529999,228.589996,226.940002,227.619995,0.040%
2/2/2017,227.619995,228.100006,226.820007,227.770004,0.066%
2/3/2017,228.820007,229.550003,228.460007,229.339996,0.689%
2/6/2017,228.869995,229.330002,228.539993,228.929993,-0.179%
2/7/2017,229.380005,229.660004,228.720001,228.940002,0.004%
2/8/2017,228.940002,229.389999,228.309998,229.240005,0.131%
2/9/2017,229.240005,230.949997,229.240005,230.600006,0.593%
2/10/2017,231,231.770004,230.619995,231.509995,0.395%
2/13/2017,232.080002,233.070007,232.050003,232.770004,0.544%
2/14/2017,232.559998,233.710007,232.160004,233.699997,0.400%
2/15/2017,233.449997,235.139999,233.389999,234.919998,0.522%
2/16/2017,234.949997,235.160004,233.850006,234.720001,-0.085%
2/17/2017,233.949997,235.089996,233.929993,235.089996,0.158%
2/21/2017,235.520004,236.690002,235.509995,236.490005,0.596%
2/22/2017,236.020004,236.539993,235.830002,236.279999,-0.089%
2/23/2017,236.880005,236.899994,235.559998,236.440002,0.068%
2/24/2017,235.460007,236.789993,235.410004,236.740005,0.127%
2/27/2017,236.639999,237.309998,236.350006,237.110001,0.156%
2/28/2017,236.669998,236.949997,236.020004,236.470001,-0.270%
3/1/2017,238.389999,240.320007,238.369995,239.779999,1.400%
3/2/2017,239.559998,239.570007,238.210007,238.270004,-0.630%
3/3/2017,238.169998,238.610001,237.729996,238.419998,0.063%
3/6/2017,237.5,238.119995,237.009995,237.710007,-0.298%
3/7/2017,237.360001,237.770004,236.759995,237,-0.299%
3/8/2017,237.339996,237.639999,236.399994,236.559998,-0.186%
3/9/2017,236.699997,237.240005,235.740005,236.860001,0.127%
3/10/2017,237.970001,238.020004,236.589996,237.690002,0.350%
3/13/2017,237.619995,237.860001,237.240005,237.809998,0.050%
3/14/2017,237.179993,237.240005,236.190002,236.899994,-0.383%
3/15/2017,237.559998,239.440002,237.289993,238.949997,0.865%
3/16/2017,239.110001,239.199997,238.100006,238.479996,-0.197%
3/17/2017,237.75,237.970001,237.029999,237.029999,-0.608%
3/20/2017,237.029999,237.360001,236.320007,236.770004,-0.110%
3/21/2017,237.470001,237.610001,233.580002,233.729996,-1.284%
3/22/2017,233.770004,234.610001,233.050003,234.279999,0.235%
3/23/2017,234.279999,235.339996,233.600006,234.029999,-0.107%
3/24/2017,234.380005,235.039993,232.960007,233.860001,-0.073%
3/27/2017,231.929993,233.919998,231.610001,233.619995,-0.103%
3/28/2017,233.270004,235.809998,233.139999,235.320007,0.728%
3/29/2017,234.990005,235.809998,234.729996,235.539993,0.093%
3/30/2017,235.470001,236.520004,235.270004,236.289993,0.318%
3/31/2017,235.899994,236.509995,235.679993,235.740005,-0.233%
4/3/2017,235.800003,236.029999,233.910004,235.330002,-0.174%
4/4/2017,235,235.580002,234.559998,235.479996,0.064%
4/5/2017,236.259995,237.389999,234.539993,234.779999,-0.297%
4/6/2017,234.940002,236.039993,234.429993,235.440002,0.281%
4/7/2017,235.149994,236,234.639999,235.199997,-0.102%
4/10/2017,235.360001,236.259995,234.729996,235.339996,0.060%
4/11/2017,234.899994,235.179993,233.339996,235.059998,-0.119%
4/12/2017,234.740005,234.960007,233.770004,234.029999,-0.438%
4/13/2017,233.639999,234.490005,232.509995,232.509995,-0.649%
4/17/2017,233.110001,234.570007,232.880005,234.570007,0.886%
4/18/2017,233.720001,234.490005,233.080002,233.869995,-0.298%
4/19/2017,234.520004,234.949997,233.179993,233.440002,-0.184%
4/20/2017,234.149994,235.850006,233.779999,235.339996,0.814%
4/21/2017,235.25,235.309998,234.130005,234.589996,-0.319%
4/24/2017,237.179993,237.410004,234.559998,237.169998,1.100%
4/25/2017,237.910004,238.949997,237.809998,238.550003,0.582%
4/26/2017,238.509995,239.529999,238.350006,238.399994,-0.063%
4/27/2017,238.770004,238.949997,237.979996,238.600006,0.084%
4/28/2017,238.899994,238.929993,237.929993,238.080002,-0.218%
5/1/2017,238.679993,239.169998,238.199997,238.679993,0.252%
5/2/2017,238.839996,238.979996,238.300003,238.770004,0.038%
5/3/2017,238.770004,238.880005,237.699997,238.479996,-0.121%
5/4/2017,238.830002,238.919998,237.779999,238.759995,0.117%
5/5/2017,239.190002,239.720001,238.679993,239.699997,0.394%
5/8/2017,239.75,239.919998,239.169998,239.660004,-0.017%
5/9/2017,239.960007,240.190002,239.039993,239.440002,-0.092%
5/10/2017,239.389999,239.869995,239.149994,239.869995,0.180%
5/11/2017,239.350006,239.570007,238.130005,239.380005,-0.204%
5/12/2017,239.089996,239.429993,238.669998,238.979996,-0.167%
5/15/2017,239.470001,240.440002,239.449997,240.300003,0.552%
5/16/2017,240.639999,240.669998,239.630005,240.080002,-0.092%
5/17/2017,240.080002,240.080002,235.75,235.820007,-1.774%
5/18/2017,235.729996,237.75,235.429993,236.770004,0.403%
5/19/2017,237.330002,239.080002,237.270004,238.309998,0.650%
5/22/2017,238.899994,239.710007,238.820007,239.520004,0.508%
5/23/2017,239.949997,240.240005,239.509995,240.050003,0.221%
5/24/2017,240.320007,240.729996,239.929993,240.610001,0.233%
5/25/2017,241.199997,242.080002,240.960007,241.759995,0.478%
5/26/2017,241.539993,241.899994,241.449997,241.710007,-0.021%
5/30/2017,241.339996,241.789993,241.160004,241.5,-0.087%
5/31/2017,241.839996,241.880005,240.639999,241.440002,-0.025%
6/1/2017,241.970001,243.380005,241.639999,243.360001,0.795%
6/2/2017,243.419998,244.350006,243.080002,244.169998,0.333%
6/5/2017,243.970001,244.300003,243.759995,243.990005,-0.074%
6/6/2017,243.339996,243.979996,243.119995,243.210007,-0.320%
6/7/2017,243.600006,243.919998,242.830002,243.660004,0.185%
6/8/2017,243.770004,244.330002,243.169998,243.779999,0.049%
6/9/2017,244.089996,245.009995,241.949997,243.410004,-0.152%
6/12/2017,243.130005,243.419998,242.380005,243.360001,-0.021%
6/13/2017,243.979996,244.610001,243.580002,244.550003,0.489%
6/14/2017,244.860001,244.869995,243.289993,244.240005,-0.127%
6/15/2017,242.679993,243.910004,242.360001,243.770004,-0.192%
6/16/2017,242.770004,242.830002,241.630005,242.639999,-0.464%
6/19/2017,243.589996,244.729996,243.479996,244.660004,0.833%
6/20/2017,244.25,244.259995,242.990005,243.009995,-0.674%
6/21/2017,243.460007,243.589996,242.410004,242.949997,-0.025%
6/22/2017,242.960007,243.529999,242.639999,242.839996,-0.045%
6/23/2017,242.910004,243.509995,242.470001,243.130005,0.119%
6/26/2017,243.899994,244.380005,243.050003,243.289993,0.066%
6/27/2017,243.039993,243.380005,241.309998,241.330002,-0.806%
6/28/2017,242.5,243.720001,242.229996,243.490005,0.895%
6/29/2017,243.660004,243.720001,239.960007,241.350006,-0.879%
6/30/2017,242.279999,242.710007,241.580002,241.800003,0.186%
7/3/2017,242.880005,243.380005,242.210007,242.210007,0.170%
7/5/2017,242.630005,243.009995,241.699997,242.770004,0.231%
7/6/2017,241.889999,242.029999,240.339996,240.550003,-0.914%
7/7/2017,241.210007,242.279999,240.559998,242.110001,0.649%
7/10/2017,242.110001,242.800003,241.759995,242.369995,0.107%
7/11/2017,242.369995,242.550003,240.850006,242.190002,-0.074%
7/12/2017,243.300003,244.199997,243.300003,244.009995,0.751%
7/13/2017,244.020004,244.550003,243.759995,244.419998,0.168%
7/14/2017,244.419998,245.970001,244.309998,245.559998,0.466%
7/17/2017,245.470001,245.910004,245.330002,245.529999,-0.012%
7/18/2017,245.059998,245.720001,244.669998,245.660004,0.053%
7/19/2017,246.020004,247,246.009995,246.990005,0.541%
7/20/2017,247.279999,247.419998,246.470001,247.100006,0.045%
7/21/2017,246.440002,246.910004,246.179993,246.880005,-0.089%
7/24/2017,246.789993,246.979996,246.279999,246.820007,-0.024%
7/25/2017,247.679993,247.800003,247.160004,247.419998,0.243%
7/26/2017,247.75,247.789993,247.130005,247.429993,0.004%
7/27/2017,247.960007,248,245.679993,247.199997,-0.093%
7/28/2017,246.649994,247.059998,246.130005,246.910004,-0.117%
7/31/2017,247.369995,247.479996,246.529999,246.770004,-0.057%
8/1/2017,247.460007,247.5,246.720001,247.320007,0.223%
8/2/2017,247.470001,247.600006,246.369995,247.440002,0.049%
8/3/2017,247.309998,247.339996,246.639999,246.960007,-0.194%
8/4/2017,247.520004,247.789993,246.970001,247.410004,0.182%
8/7/2017,247.490005,247.869995,247.369995,247.869995,0.186%
8/8/2017,247.509995,248.910004,246.830002,247.259995,-0.246%
8/9/2017,246.470001,247.309998,246.059998,247.25,-0.004%
8/10/2017,246.289993,246.440002,243.699997,243.759995,-1.412%
8/11/2017,244.020004,244.800003,243.75,244.119995,0.148%
8/14/2017,245.589996,246.789993,245.550003,246.539993,0.991%
8/15/2017,246.979996,247,246.160004,246.509995,-0.012%
8/16/2017,247.110001,247.570007,246.449997,246.940002,0.174%
8/17/2017,246.240005,246.600006,243.089996,243.089996,-1.559%
8/18/2017,242.899994,244.190002,242.199997,242.710007,-0.156%
8/21/2017,242.639999,243.199997,241.830002,242.899994,0.078%
8/22/2017,243.570007,245.619995,243.550003,245.440002,1.046%
8/23/2017,244.330002,245.050003,244.160004,244.559998,-0.359%
8/24/2017,245,245.179993,243.75,243.990005,-0.233%
8/25/2017,244.899994,245.610001,244.389999,244.559998,0.234%
8/28/2017,245.169998,245.199997,244.089996,244.570007,0.004%
8/29/2017,243.059998,245.149994,242.929993,244.850006,0.114%
8/30/2017,244.830002,246.320007,244.619995,246.009995,0.474%
8/31/2017,246.720001,247.770004,246.050003,247.490005,0.602%
9/1/2017,247.919998,248.330002,247.669998,247.839996,0.141%
9/5/2017,247.259995,247.520004,244.949997,246.059998,-0.718%
9/6/2017,246.839996,247.279999,246.229996,246.899994,0.341%
9/7/2017,247.25,247.270004,246.399994,246.869995,-0.012%
9/8/2017,246.539993,247.110001,246.300003,246.580002,-0.117%
9/11/2017,248.039993,249.300003,248.020004,249.210007,1.067%
9/12/2017,249.630005,250.089996,249.419998,250.050003,0.337%
9/13/2017,249.720001,250.210007,249.589996,250.169998,0.048%
9/14/2017,249.800003,250.320007,249.600006,250.089996,-0.032%
9/15/2017,248.690002,249.289993,248.570007,249.190002,-0.360%
9/18/2017,249.610001,250.119995,249.279999,249.720001,0.213%
9/19/2017,250,250.070007,249.600006,249.970001,0.100%
9/20/2017,250.070007,250.190002,248.919998,250.059998,0.036%
9/21/2017,249.880005,249.979996,249.190002,249.389999,-0.268%
9/22/2017,249.050003,249.630005,249.020004,249.440002,0.020%
9/25/2017,249.149994,249.550003,248.080002,248.929993,-0.204%
9/26/2017,249.419998,249.699997,248.809998,249.080002,0.060%
9/27/2017,249.880005,250.490005,248.869995,250.050003,0.389%
9/28/2017,249.729996,250.440002,249.630005,250.350006,0.120%
9/29/2017,250.339996,251.320007,250.130005,251.229996,0.352%
10/2/2017,251.490005,252.320007,251.289993,252.320007,0.434%
10/3/2017,252.320007,252.889999,252.229996,252.860001,0.214%
10/4/2017,252.690002,253.440002,252.559998,253.160004,0.119%
10/5/2017,253.539993,254.679993,253.199997,254.660004,0.593%
10/6/2017,254.149994,254.699997,253.850006,254.369995,-0.114%
10/9/2017,254.630005,254.699997,253.649994,253.949997,-0.165%
10/10/2017,254.600006,255.050003,253.979996,254.619995,0.264%
10/11/2017,254.509995,255.020004,254.320007,255.020004,0.157%
10/12/2017,254.660004,255.059998,254.369995,254.639999,-0.149%
10/13/2017,255.139999,255.270004,254.639999,254.949997,0.122%
10/16/2017,255.210007,255.509995,254.820007,255.289993,0.133%
10/17/2017,255.229996,255.520004,254.979996,255.470001,0.071%
10/18/2017,255.899994,255.949997,255.5,255.720001,0.098%
10/19/2017,254.830002,255.830002,254.350006,255.789993,0.027%
10/20/2017,256.700012,257.140015,255.770004,257.109985,0.516%
10/23/2017,257.480011,257.51001,256.019989,256.109985,-0.389%
10/24/2017,256.600006,256.829987,256.149994,256.559998,0.176%
10/25/2017,256.179993,256.309998,254,255.289993,-0.495%
10/26/2017,255.990005,256.299988,255.479996,255.619995,0.129%
10/27/2017,256.470001,257.890015,255.630005,257.709991,0.818%
10/30/2017,256.470001,257.600006,256.410004,256.75,-0.373%
10/31/2017,257.179993,257.440002,256.809998,257.149994,0.156%
11/1/2017,258.040009,258.429993,257.070007,257.48999,0.132%
11/2/2017,257.410004,257.75,256.190002,257.589996,0.039%
11/3/2017,257.769989,258.5,257.299988,258.450012,0.334%
11/6/2017,258.299988,259,258.220001,258.850006,0.155%
11/7/2017,258.970001,259.350006,258.089996,258.670013,-0.070%
11/8/2017,258.470001,259.220001,258.149994,259.109985,0.170%
11/9/2017,257.730011,258.390015,256.359985,258.170013,-0.363%
11/10/2017,257.730011,258.290009,257.369995,258.089996,-0.031%
11/13/2017,257.309998,258.589996,257.269989,258.329987,0.093%
11/14/2017,257.410004,257.850006,256.519989,257.730011,-0.232%
11/15/2017,256.619995,257.220001,255.630005,256.440002,-0.501%
11/16/2017,257.519989,259.040009,257.470001,258.619995,0.850%
11/17/2017,258.220001,258.589996,257.769989,257.859985,-0.294%
11/20/2017,258.140015,258.519989,257.859985,258.299988,0.171%
11/21/2017,259.179993,260.200012,258.26001,259.98999,0.654%
11/22/2017,260,260.149994,259.570007,259.76001,-0.088%
11/24/2017,260.320007,260.480011,260.160004,260.359985,0.231%
11/27/2017,260.410004,260.75,260,260.230011,-0.050%
11/28/2017,260.76001,262.899994,260.649994,262.869995,1.014%
11/29/2017,263.019989,263.630005,262.200012,262.709991,-0.061%
11/30/2017,263.76001,266.049988,263.670013,265.01001,0.875%
12/1/2017,264.76001,265.309998,260.76001,264.459991,-0.208%
12/4/2017,266.309998,266.799988,264.079987,264.140015,-0.121%
12/5/2017,263.190002,265.149994,263.040009,263.190002,-0.360%
12/6/2017,263.299988,263.730011,262.709991,263.23999,0.019%
12/7/2017,264.070007,264.429993,262.940002,264.070007,0.315%
12/8/2017,265.160004,265.519989,264.029999,265.51001,0.545%
12/11/2017,266.309998,266.380005,265.480011,266.309998,0.301%
12/12/2017,267.209991,267.320007,266.350006,266.779999,0.176%
12/13/2017,267.059998,267.559998,266.649994,266.75,-0.011%
12/14/2017,267.089996,267.220001,265.600006,265.660004,-0.409%
12/15/2017,265.450012,267.040009,265.390015,266.51001,0.320%
12/18/2017,268.100006,268.600006,267.980011,268.200012,0.634%
12/19/2017,268.480011,268.529999,267.089996,267.170013,-0.384%
12/20/2017,268.269989,268.329987,266.690002,267.029999,-0.052%
12/21/2017,267.73999,268.390015,267.299988,267.579987,0.206%
12/22/2017,267.600006,267.640015,266.899994,267.51001,-0.026%
12/26/2017,267.049988,267.440002,266.890015,267.190002,-0.120%
12/27/2017,267.380005,267.730011,267.01001,267.320007,0.049%
12/28/2017,267.890015,267.920013,267.450012,267.869995,0.206%
12/29/2017,268.529999,268.549988,266.640015,266.859985,-0.377%
1/2/2018,267.839996,268.809998,267.399994,268.769989,0.716%
1/3/2018,268.959991,270.640015,268.959991,270.470001,0.633%
1/4/2018,271.200012,272.160004,270.540009,271.609985,0.421%
1/5/2018,272.51001,273.559998,271.950012,273.420013,0.666%
1/8/2018,273.309998,274.100006,272.980011,273.920013,0.183%
1/9/2018,274.399994,275.25,274.079987,274.540009,0.226%
1/10/2018,273.679993,274.420013,272.920013,274.119995,-0.153%
1/11/2018,274.75,276.119995,274.559998,276.119995,0.730%
1/12/2018,276.420013,278.109985,276.079987,277.920013,0.652%
1/16/2018,279.350006,280.089996,276.179993,276.970001,-0.342%
1/17/2018,278.029999,280.049988,276.970001,279.609985,0.953%
1/18/2018,279.480011,279.959991,278.579987,279.140015,-0.168%
1/19/2018,279.799988,280.410004,279.140015,280.410004,0.455%
1/22/2018,280.170013,282.690002,280.109985,282.690002,0.813%
1/23/2018,282.73999,283.619995,282.369995,283.290009,0.212%
1/24/2018,284.019989,284.700012,281.839996,283.179993,-0.039%
1/25/2018,284.160004,284.269989,282.399994,283.299988,0.042%
1/26/2018,284.25,286.630005,283.959991,286.579987,1.158%
1/29/2018,285.929993,286.429993,284.5,284.679993,-0.663%
1/30/2018,282.600006,284.73999,281.220001,281.76001,-1.026%
1/31/2018,282.730011,283.299988,280.679993,281.899994,0.050%
2/1/2018,281.070007,283.059998,280.679993,281.579987,-0.114%
2/2/2018,280.079987,280.230011,275.410004,275.450012,-2.177%
2/5/2018,273.450012,275.850006,263.309998,263.929993,-4.182%
2/6/2018,259.940002,269.700012,258.700012,269.130005,1.970%
2/7/2018,268.5,272.359985,267.579987,267.670013,-0.542%
2/8/2018,268.01001,268.170013,257.589996,257.630005,-3.751%
2/9/2018,260.799988,263.609985,252.919998,261.5,1.502%
2/12/2018,263.829987,267.01001,261.660004,265.339996,1.468%
2/13/2018,263.970001,266.619995,263.309998,266,0.249%
2/14/2018,264.309998,270,264.299988,269.589996,1.350%
2/15/2018,271.570007,273.040009,268.769989,273.029999,1.276%
2/16/2018,272.320007,275.320007,272.269989,273.109985,0.029%
2/20/2018,272.029999,273.670013,270.5,271.399994,-0.626%
2/21/2018,271.899994,274.720001,269.940002,270.049988,-0.497%
2/22/2018,271.100006,273.049988,269.640015,270.399994,0.130%
2/23/2018,271.790009,274.709991,271.25,274.709991,1.594%
2/26/2018,275.929993,278.01001,275.26001,277.899994,1.161%
2/27/2018,278.109985,278.920013,274.359985,274.429993,-1.249%
2/28/2018,275.679993,276.190002,271.290009,271.649994,-1.013%
3/1/2018,271.410004,273.170013,266,267.700012,-1.454%
3/2/2018,265.799988,269.720001,264.820007,269.079987,0.515%
3/5/2018,267.730011,272.890015,267.609985,272.190002,1.156%
3/6/2018,273.299988,273.390015,271.179993,272.880005,0.254%
3/7/2018,270.420013,273.179993,270.200012,272.779999,-0.037%
3/8/2018,273.549988,274.23999,272.420013,274.100006,0.484%
3/9/2018,275.700012,278.869995,275.339996,278.869995,1.740%
3/12/2018,279.200012,279.910004,278.079987,278.519989,-0.126%
3/13/2018,279.839996,280.410004,276.029999,276.720001,-0.646%
3/14/2018,277.809998,278.019989,274.670013,275.299988,-0.513%
3/15/2018,275.880005,276.609985,274.429993,275,-0.109%
3/16/2018,274.5,275.390015,274.140015,274.200012,-0.291%
3/19/2018,273.350006,274.399994,268.619995,270.48999,-1.353%
3/20/2018,270.940002,271.670013,270.179993,270.950012,0.170%
3/21/2018,270.899994,273.269989,270.190002,270.429993,-0.192%
3/22/2018,267.910004,268.869995,263.359985,263.670013,-2.500%
3/23/2018,264.170013,264.540009,257.829987,258.049988,-2.131%
3/26/2018,262.130005,265.429993,259.410004,265.109985,2.736%
3/27/2018,266.170013,266.769989,258.839996,260.600006,-1.701%
3/28/2018,260.75,262.640015,258.579987,259.829987,-0.295%
3/29/2018,261.119995,265.26001,259.839996,263.149994,1.278%
4/2/2018,262.549988,263.130005,254.669998,257.470001,-2.158%
4/3/2018,258.869995,261.309998,256.839996,260.769989,1.282%
4/4/2018,256.75,264.359985,256.600006,263.559998,1.070%
4/5/2018,265.549988,266.640015,264.320007,265.640015,0.789%
4/6/2018,263.420013,265.109985,258,259.720001,-2.229%
4/9/2018,261.369995,264.839996,259.940002,261,0.493%
4/10/2018,264.269989,266.040009,262.980011,265.149994,1.590%
4/11/2018,263.470001,265.640015,263.390015,263.76001,-0.524%
4/12/2018,265.26001,267,265.059998,265.929993,0.823%
4/13/2018,267.410004,267.540009,264.01001,265.149994,-0.293%
4/16/2018,267,268.200012,266.070007,267.329987,0.822%
4/17/2018,269.329987,270.869995,268.75,270.190002,1.070%
4/18/2018,270.690002,271.299988,269.869995,270.390015,0.074%
4/19/2018,269.649994,269.880005,267.720001,268.890015,-0.555%
4/20/2018,268.809998,269.059998,265.609985,266.609985,-0.848%
4/23/2018,267.26001,267.890015,265.350006,266.570007,-0.015%
4/24/2018,267.730011,267.980011,261.279999,262.980011,-1.347%
4/25/2018,262.910004,264.130005,260.850006,263.630005,0.247%
4/26/2018,264.790009,267.25,264.290009,266.309998,1.017%
4/27/2018,267,267.339996,265.5,266.559998,0.094%
4/30/2018,267.26001,267.890015,264.429993,264.51001,-0.769%
5/1/2018,263.869995,265.100006,262.109985,264.980011,0.178%
5/2/2018,264.76001,265.679993,262.76001,263.200012,-0.672%
5/3/2018,262.26001,263.359985,259.049988,262.619995,-0.220%
5/4/2018,261.519989,266.790009,261.149994,266.019989,1.295%
5/7/2018,266.890015,268.019989,266.109985,266.920013,0.338%
5/8/2018,266.5,267.329987,265.149994,266.920013,0.000%
5/9/2018,267.679993,269.869995,267.089996,269.5,0.967%
5/10/2018,270.339996,272.390015,270.220001,272.019989,0.935%
5/11/2018,272.160004,273.149994,271.579987,272.850006,0.305%
5/14/2018,273.339996,274.079987,272.359985,272.980011,0.048%
5/15/2018,271.589996,271.609985,270.029999,271.100006,-0.689%
5/16/2018,271.140015,272.76001,271.109985,272.23999,0.421%
5/17/2018,271.940002,273.230011,271.130005,272.01001,-0.084%
5/18/2018,271.619995,272.029999,270.929993,271.329987,-0.250%
5/21/2018,273.01001,273.980011,272.570007,273.369995,0.752%
5/22/2018,273.959991,274.25,272.23999,272.609985,-0.278%
5/23/2018,271.170013,273.390015,270.98999,273.359985,0.275%
5/24/2018,272.910004,273.220001,270.779999,272.799988,-0.205%
5/25/2018,272.149994,272.859985,271.579987,272.149994,-0.238%
5/29/2018,270.309998,271.170013,267.76001,269.019989,-1.150%
5/30/2018,270.5,273.109985,270.420013,272.609985,1.334%
5/31/2018,272.149994,272.48999,270.26001,270.940002,-0.613%
6/1/2018,272.410004,273.940002,272.329987,273.600006,0.982%
6/4/2018,274.529999,275.190002,274.26001,274.899994,0.475%
6/5/2018,275.049988,275.529999,274.179993,275.100006,0.073%
6/6/2018,275.790009,277.519989,275.089996,277.399994,0.836%
6/7/2018,277.950012,278.279999,276.339996,277.369995,-0.011%
6/8/2018,276.850006,278.25,276.660004,278.190002,0.296%
6/11/2018,278.440002,279.369995,278.309998,278.559998,0.133%
6/12/2018,279.029999,279.329987,278.190002,278.920013,0.129%
6/13/2018,279.190002,279.480011,277.799988,278.029999,-0.319%
6/14/2018,279.01001,279.329987,278.059998,278.730011,0.252%
6/15/2018,276.600006,277.51001,275.350006,277.130005,-0.574%
6/18/2018,275.48999,276.700012,274.950012,276.559998,-0.206%
6/19/2018,274,275.75,273.529999,275.5,-0.383%
6/20/2018,276.269989,276.720001,275.589996,275.970001,0.171%
6/21/2018,275.959991,275.980011,273.679993,274.23999,-0.627%
6/22/2018,275.660004,275.790009,274.48999,274.73999,0.182%
6/25/2018,273.440002,273.619995,269.100006,271,-1.361%
6/26/2018,271.640015,272.559998,270.790009,271.600006,0.221%
6/27/2018,272.26001,273.869995,269.179993,269.350006,-0.828%
6/28/2018,269.290009,271.75,268.48999,270.890015,0.572%
6/29/2018,272.119995,273.660004,271.149994,271.279999,0.144%
7/2/2018,269.51001,272.040009,269.23999,271.859985,0.214%
7/3/2018,272.869995,272.980011,270.420013,270.899994,-0.353%
7/5/2018,272.170013,273.179993,270.959991,273.109985,0.816%
7/6/2018,273.140015,275.839996,272.709991,275.420013,0.846%
7/9/2018,276.549988,277.959991,276.5,277.899994,0.900%
7/10/2018,278.410004,279.01001,278.079987,278.899994,0.360%
7/11/2018,277.149994,278.040009,276.519989,276.859985,-0.731%
7/12/2018,278.279999,279.429993,277.600006,279.369995,0.907%
7/13/2018,279.170013,279.929993,278.660004,279.589996,0.079%
7/16/2018,279.640015,279.799988,278.839996,279.339996,-0.089%
7/17/2018,278.470001,280.910004,278.410004,280.470001,0.405%
7/18/2018,280.559998,281.179993,280.059998,281.059998,0.210%
7/19/2018,280.309998,280.73999,279.459991,280,-0.377%
7/20/2018,279.769989,280.480011,279.5,279.679993,-0.114%
7/23/2018,279.450012,280.429993,279.059998,280.200012,0.186%
7/24/2018,281.790009,282.559998,280.630005,281.609985,0.503%
7/25/2018,281.329987,284.369995,281.279999,284.01001,0.852%
7/26/2018,283.200012,284.109985,283.089996,283.339996,-0.236%
7/27/2018,283.709991,283.820007,280.380005,281.420013,-0.678%
7/30/2018,281.51001,281.690002,279.359985,279.950012,-0.522%
7/31/2018,280.809998,282.019989,280.380005,281.329987,0.493%
8/1/2018,281.559998,282.130005,280.130005,280.859985,-0.167%
8/2/2018,279.390015,282.579987,279.160004,282.390015,0.545%
8/3/2018,282.529999,283.660004,282.329987,283.600006,0.428%
8/6/2018,283.640015,284.98999,283.200012,284.640015,0.367%
8/7/2018,285.390015,286.01001,285.23999,285.579987,0.330%
8/8/2018,285.390015,285.910004,284.940002,285.459991,-0.042%
8/9/2018,285.529999,285.970001,284.920013,285.070007,-0.137%
8/10/2018,283.450012,284.059998,282.359985,283.160004,-0.670%
8/13/2018,283.470001,284.160004,281.769989,282.100006,-0.374%
8/14/2018,282.920013,284.170013,282.480011,283.899994,0.638%
8/15/2018,282.380005,282.540009,280.160004,281.779999,-0.747%
8/16/2018,283.399994,285.040009,283.359985,284.059998,0.809%
8/17/2018,283.829987,285.559998,283.369995,285.059998,0.352%
8/20/2018,285.570007,285.970001,285.059998,285.670013,0.214%
8/21/2018,286.25,287.309998,285.709991,286.339996,0.235%
8/22/2018,285.880005,286.76001,285.579987,286.170013,-0.059%
8/23/2018,285.970001,286.940002,285.429993,285.790009,-0.133%
8/24/2018,286.440002,287.670013,286.380005,287.51001,0.602%
8/27/2018,288.859985,289.899994,288.679993,289.779999,0.790%
8/28/2018,290.299988,290.420013,289.399994,289.920013,0.048%
8/29/2018,290.160004,291.73999,289.890015,291.480011,0.538%
8/30/2018,290.940002,291.359985,289.630005,290.299988,-0.405%
8/31/2018,289.839996,290.809998,289.290009,290.309998,0.003%
9/4/2018,289.839996,290.209991,288.679993,289.809998,-0.172%
9/5/2018,289.410004,289.640015,287.890015,289.029999,-0.269%
9/6/2018,289.149994,289.48999,287,288.160004,-0.301%
9/7/2018,286.980011,288.700012,286.709991,287.600006,-0.194%
9/10/2018,288.73999,289.040009,287.880005,288.100006,0.174%
9/11/2018,287.369995,289.549988,286.980011,289.049988,0.330%
9/12/2018,289.059998,289.799988,288.230011,289.119995,0.024%
9/13/2018,290.320007,291.040009,290,290.829987,0.591%
9/14/2018,291.059998,291.269989,290,290.880005,0.017%
9/17/2018,290.820007,290.859985,289.029999,289.339996,-0.529%
9/18/2018,289.579987,291.579987,289.549988,290.910004,0.543%
9/19/2018,290.970001,291.690002,290.829987,291.220001,0.107%
9/20/2018,292.640015,293.940002,291.23999,293.579987,0.810%
9/21/2018,293.089996,293.220001,291.809998,291.98999,-0.542%
9/24/2018,291.339996,291.5,290.369995,291.019989,-0.332%
9/25/2018,291.529999,291.649994,290.480011,290.75,-0.093%
9/26/2018,290.910004,292.23999,289.410004,289.880005,-0.299%
9/27/2018,290.410004,291.910004,290.100006,290.690002,0.279%
9/28/2018,289.98999,291.279999,289.950012,290.720001,0.010%
10/1/2018,292.109985,292.929993,290.980011,291.730011,0.347%
10/2/2018,291.559998,292.359985,291.140015,291.559998,-0.058%
10/3/2018,292.73999,293.209991,291.320007,291.720001,0.055%
10/4/2018,291.179993,291.23999,287.660004,289.440002,-0.782%
10/5/2018,289.690002,290.269989,286.220001,287.820007,-0.560%
10/8/2018,287.049988,288.220001,285.5,287.820007,0.000%
10/9/2018,287.390015,288.859985,286.769989,287.399994,-0.146%
10/10/2018,286.829987,286.910004,277.880005,278.299988,-3.166%
10/11/2018,277.079987,278.899994,270.359985,272.170013,-2.203%
10/12/2018,276.769989,277.089996,272.369995,275.950012,1.389%
10/15/2018,275.549988,277.040009,274.299988,274.399994,-0.562%
10/16/2018,276.600006,280.820007,276.070007,280.399994,2.187%
10/17/2018,280.440002,281.149994,277.559998,280.450012,0.018%
10/18/2018,279.399994,280.070007,274.970001,276.399994,-1.444%
10/19/2018,277.130005,279.299988,275.470001,276.25,-0.054%
10/22/2018,277,277.359985,274.410004,275.01001,-0.449%
10/23/2018,270.950012,274.869995,268.609985,273.609985,-0.509%
10/24/2018,273.329987,273.76001,264.700012,265.320007,-3.030%
10/25/2018,267.380005,271.809998,266.230011,270.079987,1.794%
10/26/2018,265.920013,271,262.290009,265.329987,-1.759%
